CustomerID,Recency,Frequency,Monetary,AverageOrderValue,Segment
12346,326,1,77183.6,77183.6,Loyal Customers
12347,2,7,4310.0,615.7142857142857,VIP Customers
12348,75,4,1437.24,359.31,Loyal Customers
12349,19,1,1457.55,1457.55,Potential Customers
12350,310,1,294.4,294.4,At-Risk Customers
12352,36,7,1385.74,197.96285714285713,Loyal Customers
12353,204,1,89.0,89.0,At-Risk Customers
12354,232,1,1079.4,1079.4,At-Risk Customers
12355,214,1,459.4,459.4,At-Risk Customers
12356,23,3,2487.43,829.1433333333333,Loyal Customers
12357,33,1,6207.67,6207.67,Loyal Customers
12358,2,2,928.0600000000001,464.03000000000003,Potential Customers
12359,58,4,6310.03,1577.5075,Loyal Customers
12360,52,3,2302.06,767.3533333333334,Loyal Customers
12361,287,1,174.9,174.9,At-Risk Customers
12362,3,10,4737.23,473.72299999999996,VIP Customers
12363,110,2,552.0,276.0,At-Risk Customers
12364,8,4,1208.1,302.025,Potential Customers
12365,291,1,320.69,320.69,At-Risk Customers
12367,4,1,150.9,150.9,Potential Customers
12370,51,4,3421.94,855.485,Loyal Customers
12371,60,1,1527.96,1527.96,Loyal Customers
12372,72,3,1196.04,398.68,Loyal Customers
12373,311,1,324.6,324.6,At-Risk Customers
12374,25,1,622.93,622.93,Potential Customers
12375,11,2,377.5,188.75,Potential Customers
12377,315,2,1548.12,774.06,Loyal Customers
12378,130,1,4008.62,4008.62,Loyal Customers
12379,82,2,777.24,388.62,Loyal Customers
12380,22,4,2427.81,606.9525,Loyal Customers
12381,5,3,1474.81,491.6033333333333,Potential Customers
12383,185,5,1628.56,325.712,Loyal Customers
12384,29,2,425.27000000000004,212.63500000000002,Potential Customers
12386,338,2,401.9,200.95,At-Risk Customers
12388,16,6,2780.66,463.4433333333333,VIP Customers
12390,80,1,504.84000000000003,504.84000000000003,At-Risk Customers
12391,22,1,439.66,439.66,Potential Customers
12393,72,4,1582.6000000000001,395.65000000000003,Loyal Customers
12394,64,2,1080.48,540.24,Loyal Customers
12395,19,12,2682.63,223.5525,VIP Customers
12397,36,2,2214.9,1107.45,Loyal Customers
12398,46,1,1435.66,1435.66,Loyal Customers
12399,119,4,1033.65,258.4125,Loyal Customers
12401,303,1,69.3,69.3,At-Risk Customers
12402,323,1,195.6,195.6,At-Risk Customers
12403,50,1,391.7,391.7,At-Risk Customers
12405,149,1,1390.39,1390.39,At-Risk Customers
12406,22,2,3415.3,1707.65,Loyal Customers
12407,50,5,1507.1200000000001,301.42400000000004,Loyal Customers
12408,33,5,2618.55,523.71,Loyal Customers
12409,79,3,11072.67,3690.89,Loyal Customers
12410,309,2,533.33,266.665,At-Risk Customers
12412,75,3,1142.88,380.96000000000004,Loyal Customers
12413,67,3,686.1,228.70000000000002,Loyal Customers
12414,217,3,442.41,147.47,At-Risk Customers
12415,24,20,124564.53,6228.2265,VIP Customers
12417,3,9,3226.1,358.4555555555555,VIP Customers
12418,113,1,668.58,668.58,At-Risk Customers
12420,64,1,600.39,600.39,At-Risk Customers
12421,16,4,639.04,159.76,Potential Customers
12422,96,3,683.5600000000001,227.85333333333335,Loyal Customers
12423,1,8,1634.31,204.28875,VIP Customers
12424,163,2,1760.96,880.48,Loyal Customers
12425,78,1,777.2,777.2,At-Risk Customers
12426,195,1,510.73,510.73,At-Risk Customers
12427,22,3,699.8,233.26666666666665,Potential Customers
12428,26,8,6405.26,800.6575,VIP Customers
12429,9,4,3388.4,847.1,VIP Customers
12430,43,1,216.4,216.4,At-Risk Customers
12431,36,15,6314.95,420.99666666666667,VIP Customers
12432,43,4,4359.32,1089.83,Loyal Customers
12433,1,7,13375.87,1910.8385714285716,VIP Customers
12434,85,2,806.14,403.07,Loyal Customers
12435,80,2,7829.89,3914.945,Loyal Customers
12436,100,1,429.01000000000005,429.01000000000005,At-Risk Customers
12437,2,18,4447.41,247.07833333333332,VIP Customers
12438,14,2,2466.85,1233.425,Loyal Customers
12441,367,1,155.55,155.55,At-Risk Customers
12442,3,1,144.06,144.06,Potential Customers
12444,21,5,4085.46,817.092,Loyal Customers
12445,22,1,77.4,77.4,Potential Customers
12446,58,1,1002.3100000000001,1002.3100000000001,At-Risk Customers
12447,243,1,431.49,431.49,At-Risk Customers
12448,44,1,365.45,365.45,At-Risk Customers
12449,22,4,3596.29,899.0725,Loyal Customers
12450,156,2,197.88,98.94,At-Risk Customers
12451,11,5,8995.52,1799.104,VIP Customers
12452,17,1,348.57,348.57,Potential Customers
12453,134,1,707.09,707.09,At-Risk Customers
12454,56,1,3528.34,3528.34,Loyal Customers
12455,73,5,2339.86,467.97200000000004,Loyal Customers
12456,44,3,2581.04,860.3466666666667,Loyal Customers
12457,66,6,2043.23,340.53833333333336,Loyal Customers
12458,71,2,787.4,393.7,Loyal Customers
12461,155,1,626.88,626.88,At-Risk Customers
12462,19,2,937.59,468.795,Potential Customers
12463,53,4,1200.78,300.195,Loyal Customers
12464,10,8,957.05,119.63125,VIP Customers
12465,17,2,682.1899999999999,341.09499999999997,Potential Customers
12468,188,2,657.54,328.77,At-Risk Customers
12471,2,27,17388.649999999998,644.024074074074,VIP Customers
12472,32,7,6068.11,866.8728571428571,VIP Customers
12473,54,3,2585.73,861.91,Loyal Customers
12474,17,18,6694.09,371.8938888888889,VIP Customers
12475,54,1,669.38,669.38,At-Risk Customers
12476,16,11,5898.42,536.22,VIP Customers
12477,23,6,13219.74,2203.29,VIP Customers
12478,4,1,545.99,545.99,Potential Customers
12479,11,1,473.2,473.2,Potential Customers
12480,28,4,2885.63,721.4075,Loyal Customers
12481,23,10,5003.82,500.38199999999995,VIP Customers
12483,17,8,1910.98,238.8725,VIP Customers
12484,35,4,3939.32,984.83,Loyal Customers
12488,10,3,1244.66,414.8866666666667,Potential Customers
12489,336,1,298.93,298.93,At-Risk Customers
12490,5,10,4859.93,485.99300000000005,VIP Customers
12491,39,1,424.40000000000003,424.40000000000003,Potential Customers
12492,63,2,227.21,113.605,At-Risk Customers
12493,166,2,415.74,207.87,At-Risk Customers
12494,16,7,1084.1000000000001,154.8714285714286,Loyal Customers
12497,82,1,953.1,953.1,At-Risk Customers
12498,21,3,349.70000000000005,116.56666666666668,Potential Customers
12500,23,11,4059.82,369.07454545454544,VIP Customers
12501,337,1,2025.39,2025.39,At-Risk Customers
12502,96,5,2995.87,599.174,Loyal Customers
12504,18,2,428.04999999999995,214.02499999999998,Potential Customers
12506,233,1,73.5,73.5,At-Risk Customers
12507,134,3,1052.81,350.93666666666667,Loyal Customers
12508,26,2,397.88,198.94,Potential Customers
12509,284,1,158.5,158.5,At-Risk Customers
12510,143,2,814.5699999999999,407.28499999999997,At-Risk Customers
12512,66,2,132.18,66.09,At-Risk Customers
12513,113,1,558.29,558.29,At-Risk Customers
12514,267,1,1017.68,1017.68,At-Risk Customers
12515,353,1,278.7,278.7,At-Risk Customers
12516,78,2,1186.06,593.03,Loyal Customers
12517,28,4,2301.6,575.4,Loyal Customers
12518,1,5,1840.89,368.178,VIP Customers
12519,64,1,276.84,276.84,At-Risk Customers
12520,79,5,2346.2599999999998,469.25199999999995,Loyal Customers
12521,143,1,545.68,545.68,At-Risk Customers
12522,39,2,156.72,78.36,Potential Customers
12523,19,11,1699.77,154.52454545454546,VIP Customers
12524,9,8,3945.72,493.215,VIP Customers
12526,1,3,1172.66,390.8866666666667,Potential Customers
12527,82,3,330.71000000000004,110.23666666666668,At-Risk Customers
12528,9,6,1645.48,274.24666666666667,VIP Customers
12530,60,4,1500.28,375.07,Loyal Customers
12531,15,1,125.22,125.22,Potential Customers
12532,30,1,313.83000000000004,313.83000000000004,Potential Customers
12534,131,1,981.18,981.18,At-Risk Customers
12535,92,2,716.35,358.175,At-Risk Customers
12536,59,1,4279.71,4279.71,Loyal Customers
12538,29,1,363.95,363.95,Potential Customers
12539,22,4,5568.35,1392.0875,Loyal Customers
12540,20,17,11580.24,681.1905882352941,VIP Customers
12541,30,3,841.18,280.3933333333333,Loyal Customers
12544,36,1,316.7,316.7,Potential Customers
12545,75,2,832.39,416.195,Loyal Customers
12546,47,2,1021.5,510.75,Loyal Customers
12547,198,2,151.79999999999998,75.89999999999999,At-Risk Customers
12548,166,1,67.19999999999999,67.19999999999999,At-Risk Customers
12550,79,1,824.83,824.83,At-Risk Customers
12551,358,1,168.0,168.0,At-Risk Customers
12552,40,1,317.82,317.82,Potential Customers
12553,8,10,3278.28,327.82800000000003,VIP Customers
12556,50,2,599.56,299.78,Potential Customers
12557,16,5,11990.960000000001,2398.192,VIP Customers
12558,8,1,269.96,269.96,Potential Customers
12559,311,2,525.71,262.855,At-Risk Customers
12560,5,2,1918.01,959.005,Potential Customers
12561,303,1,238.85,238.85,At-Risk Customers
12562,8,7,3385.7400000000002,483.6771428571429,VIP Customers
12564,261,1,402.9,402.9,At-Risk Customers
12565,289,1,145.92,145.92,At-Risk Customers
12566,86,1,297.65,297.65,At-Risk Customers
12567,23,10,8609.28,860.9280000000001,VIP Customers
12569,2,32,3152.69,98.5215625,VIP Customers
12571,40,2,519.61,259.805,Potential Customers
12572,9,2,912.42,456.21,Potential Customers
12573,227,1,160.54000000000002,160.54000000000002,At-Risk Customers
12574,316,1,182.45000000000002,182.45000000000002,At-Risk Customers
12576,36,5,1315.83,263.166,Loyal Customers
12577,35,3,622.65,207.54999999999998,Loyal Customers
12578,21,2,2402.51,1201.255,Loyal Customers
12579,78,1,386.42,386.42,At-Risk Customers
12580,247,1,379.7,379.7,At-Risk Customers
12581,40,1,179.71,179.71,At-Risk Customers
12582,239,2,351.36,175.68,At-Risk Customers
12583,3,15,6705.38,447.0253333333333,VIP Customers
12584,4,9,2254.15,250.4611111111111,VIP Customers
12585,234,2,1824.1,912.05,Loyal Customers
12586,17,1,196.94000000000003,196.94000000000003,Potential Customers
12587,8,1,104.0,104.0,Potential Customers
12588,39,1,174.89999999999998,174.89999999999998,At-Risk Customers
12589,29,2,574.68,287.34,Potential Customers
12590,211,1,9341.26,9341.26,Loyal Customers
12591,317,1,368.85,368.85,At-Risk Customers
12592,92,2,401.6,200.8,At-Risk Customers
12593,109,3,382.09999999999997,127.36666666666666,At-Risk Customers
12594,38,9,3208.2200000000003,356.4688888888889,VIP Customers
12596,51,2,450.27,225.135,Potential Customers
12597,19,4,3195.22,798.805,Loyal Customers
12598,10,7,2807.08,401.01142857142855,VIP Customers
12599,29,7,888.58,126.94000000000001,Loyal Customers
12600,29,10,2311.04,231.10399999999998,VIP Customers
12601,190,5,487.06,97.412,Loyal Customers
12602,59,1,153.12,153.12,At-Risk Customers
12603,22,1,613.1999999999999,613.1999999999999,Potential Customers
12604,79,2,236.18,118.09,At-Risk Customers
12607,60,1,1579.51,1579.51,Loyal Customers
12609,78,3,964.85,321.6166666666667,Loyal Customers
12610,23,4,1747.54,436.885,Loyal Customers
12611,52,1,1193.32,1193.32,Loyal Customers
12612,74,1,668.0400000000001,668.0400000000001,At-Risk Customers
12613,57,4,3092.38,773.095,Loyal Customers
12614,278,1,315.6,315.6,At-Risk Customers
12615,2,4,2093.19,523.2975,VIP Customers
12616,95,2,641.3,320.65,At-Risk Customers
12617,29,1,352.98,352.98,Potential Customers
12618,22,1,137.31,137.31,Potential Customers
12619,16,8,2945.56,368.195,VIP Customers
12620,15,3,1303.41,434.47,Loyal Customers
12621,2,20,12411.67,620.5835,VIP Customers
12622,232,1,162.1,162.1,At-Risk Customers
12623,276,1,269.1,269.1,At-Risk Customers
12624,106,2,569.13,284.565,At-Risk Customers
12625,212,2,2413.82,1206.91,Loyal Customers
12626,23,9,5954.48,661.6088888888888,VIP Customers
12627,11,6,4082.53,680.4216666666667,VIP Customers
12628,4,3,732.46,244.15333333333334,Potential Customers
12630,10,2,1030.88,515.44,Potential Customers
12631,57,1,480.5,480.5,At-Risk Customers
12633,59,4,1929.98,482.495,Loyal Customers
12635,90,2,1509.18,754.59,Loyal Customers
12637,67,8,5804.9,725.6125,Loyal Customers
12638,33,1,511.69,511.69,Potential Customers
12639,239,1,366.1,366.1,At-Risk Customers
12640,24,3,994.58,331.5266666666667,Loyal Customers
12641,115,1,145.9,145.9,At-Risk Customers
12642,25,3,905.26,301.75333333333333,Loyal Customers
12643,128,6,3041.64,506.94,Loyal Customers
12644,130,1,477.91,477.91,At-Risk Customers
12645,34,4,1631.18,407.795,Loyal Customers
12646,5,2,1346.97,673.485,Potential Customers
12647,22,12,3146.82,262.235,VIP Customers
12648,155,1,300.05,300.05,At-Risk Customers
12649,107,3,569.51,189.83666666666667,Loyal Customers
12650,3,1,242.44000000000003,242.44000000000003,Potential Customers
12651,335,1,114.0,114.0,At-Risk Customers
12652,331,1,793.98,793.98,At-Risk Customers
12653,149,2,2209.85,1104.925,Loyal Customers
12654,11,5,529.98,105.99600000000001,Potential Customers
12656,17,5,3619.17,723.8340000000001,Loyal Customers
12657,11,4,1427.18,356.795,Loyal Customers
12658,19,1,632.05,632.05,Potential Customers
12659,30,1,73.68,73.68,Potential Customers
12660,11,1,227.1,227.1,Potential Customers
12662,1,11,3543.78,322.1618181818182,VIP Customers
12664,8,9,4391.88,487.9866666666667,VIP Customers
12665,325,1,45.0,45.0,At-Risk Customers
12667,58,1,460.13,460.13,At-Risk Customers
12668,12,4,3177.15,794.2875,Loyal Customers
12669,151,2,1427.73,713.865,Loyal Customers
12670,10,5,2744.05,548.8100000000001,VIP Customers
12672,330,1,225.89999999999998,225.89999999999998,At-Risk Customers
12673,5,2,574.52,287.26,Potential Customers
12674,39,4,1844.6,461.15,Loyal Customers
12676,25,6,1091.39,181.89833333333334,Loyal Customers
12678,42,10,16481.46,1648.146,VIP Customers
12679,59,4,951.02,237.755,Loyal Customers
12680,1,4,790.81,197.7025,Potential Customers
12681,15,22,12365.54,562.07,VIP Customers
12682,4,31,11019.82,355.478064516129,VIP Customers
12683,4,14,7612.57,543.755,VIP Customers
12684,8,6,2073.63,345.605,VIP Customers
12685,28,6,2575.08,429.18,Loyal Customers
12686,372,1,71.14,71.14,At-Risk Customers
12688,114,1,4873.8099999999995,4873.8099999999995,Loyal Customers
12689,26,2,1139.61,569.805,Loyal Customers
12690,206,1,335.01,335.01,At-Risk Customers
12691,28,5,927.8,185.56,Loyal Customers
12693,127,4,711.91,177.9775,Loyal Customers
12694,70,2,761.67,380.835,Loyal Customers
12695,7,4,582.1,145.525,Potential Customers
12697,29,3,757.59,252.53,Loyal Customers
12700,8,4,4525.99,1131.4975,VIP Customers
12701,80,2,725.71,362.855,Loyal Customers
12702,20,1,201.0,201.0,Potential Customers
12703,71,1,265.55,265.55,At-Risk Customers
12704,7,8,1740.84,217.605,VIP Customers
12705,15,8,6382.29,797.78625,VIP Customers
12707,292,1,603.42,603.42,At-Risk Customers
12708,30,10,2442.91,244.291,VIP Customers
12709,15,15,9400.52,626.7013333333333,VIP Customers
12710,97,3,1023.02,341.00666666666666,Loyal Customers
12712,29,13,3928.13,302.1638461538462,VIP Customers
12713,1,1,794.55,794.55,Potential Customers
12714,9,5,4294.86,858.972,VIP Customers
12715,106,1,263.36,263.36,At-Risk Customers
12716,4,2,963.49,481.745,Potential Customers
12717,151,2,830.98,415.49,At-Risk Customers
12718,71,1,202.25,202.25,At-Risk Customers
12719,5,2,572.95,286.475,Potential Customers
12720,3,25,5115.7300000000005,204.62920000000003,VIP Customers
12721,32,6,2386.13,397.68833333333333,Loyal Customers
12722,85,4,979.63,244.9075,Loyal Customers
12723,4,5,707.07,141.41400000000002,Potential Customers
12724,5,4,923.41,230.8525,Potential Customers
12725,371,1,371.8,371.8,At-Risk Customers
12726,28,7,2411.1,344.4428571428571,Loyal Customers
12727,11,7,3440.7,491.5285714285714,VIP Customers
12728,71,4,728.33,182.0825,Loyal Customers
12729,114,1,417.01,417.01,At-Risk Customers
12731,24,12,18751.91,1562.6591666666666,VIP Customers
12732,180,1,218.26000000000002,218.26000000000002,At-Risk Customers
12733,234,1,383.95,383.95,At-Risk Customers
12734,353,1,110.39999999999999,110.39999999999999,At-Risk Customers
12735,315,2,689.5699999999999,344.78499999999997,At-Risk Customers
12736,333,1,144.0,144.0,At-Risk Customers
12738,372,1,137.35,137.35,At-Risk Customers
12739,99,1,975.54,975.54,At-Risk Customers
12740,64,1,427.6,427.6,At-Risk Customers
12743,134,2,540.13,270.065,At-Risk Customers
12744,56,4,9120.39,2280.0975,Loyal Customers
12747,2,11,4196.01,381.4554545454546,VIP Customers
12748,1,206,31650.78,153.6445631067961,VIP Customers
12749,4,5,4090.88,818.176,VIP Customers
12750,129,1,275.88,275.88,At-Risk Customers
12752,81,1,4366.78,4366.78,Loyal Customers
12753,23,6,21429.39,3571.565,VIP Customers
12754,236,3,3010.74,1003.5799999999999,Loyal Customers
12755,281,2,3811.95,1905.975,Loyal Customers
12756,87,1,112.07999999999998,112.07999999999998,At-Risk Customers
12757,16,9,4176.75,464.0833333333333,VIP Customers
12758,117,2,2791.59,1395.795,Loyal Customers
12759,52,3,1411.44,470.48,Loyal Customers
12762,8,2,1702.52,851.26,Potential Customers
12763,138,2,494.08,247.04,At-Risk Customers
12764,317,1,1693.88,1693.88,At-Risk Customers
12766,4,7,6457.63,922.5185714285715,VIP Customers
12769,239,1,1143.6,1143.6,At-Risk Customers
12770,211,1,1351.45,1351.45,At-Risk Customers
12772,60,1,752.47,752.47,At-Risk Customers
12775,17,5,1281.04,256.20799999999997,Loyal Customers
12778,20,6,693.23,115.53833333333334,Loyal Customers
12779,38,8,3981.36,497.67,Loyal Customers
12781,64,2,786.74,393.37,Loyal Customers
12782,5,5,1938.92,387.784,VIP Customers
12783,2,4,1295.87,323.9675,Potential Customers
12784,15,1,476.82,476.82,Potential Customers
12785,364,1,255.95,255.95,At-Risk Customers
12787,10,3,418.66,139.55333333333334,Potential Customers
12789,65,1,76.85,76.85,At-Risk Customers
12790,192,1,294.92,294.92,At-Risk Customers
12791,374,1,177.60000000000002,177.60000000000002,At-Risk Customers
12792,257,1,344.53999999999996,344.53999999999996,At-Risk Customers
12793,335,2,461.48,230.74,At-Risk Customers
12794,53,2,860.41,430.205,Loyal Customers
12795,19,1,318.48,318.48,Potential Customers
12797,366,1,226.03,226.03,At-Risk Customers
12798,10,3,6977.04,2325.68,VIP Customers
12802,187,1,397.58,397.58,At-Risk Customers
12808,37,3,455.65000000000003,151.88333333333335,Potential Customers
12809,178,1,405.31,405.31,At-Risk Customers
12811,262,2,458.85,229.425,At-Risk Customers
12812,45,1,229.64000000000001,229.64000000000001,At-Risk Customers
12814,102,1,85.92,85.92,At-Risk Customers
12815,148,2,863.46,431.73,At-Risk Customers
12816,96,2,452.20000000000005,226.10000000000002,At-Risk Customers
12817,281,1,126.03999999999999,126.03999999999999,At-Risk Customers
12818,262,1,1182.0800000000002,1182.0800000000002,At-Risk Customers
12820,3,4,942.34,235.585,Potential Customers
12821,214,1,92.72,92.72,At-Risk Customers
12822,71,2,948.88,474.44,Loyal Customers
12823,75,5,1759.5,351.9,Loyal Customers
12824,60,1,397.12,397.12,At-Risk Customers
12826,3,7,1474.72,210.67428571428573,VIP Customers
12827,6,3,430.15000000000003,143.38333333333335,Potential Customers
12828,3,6,1018.71,169.785,VIP Customers
12829,337,2,293.0,146.5,At-Risk Customers
12830,38,6,6814.64,1135.7733333333333,Loyal Customers
12831,262,1,215.05,215.05,At-Risk Customers
12832,32,2,383.03,191.515,Potential Customers
12833,145,1,417.38,417.38,At-Risk Customers
12834,283,1,312.38,312.38,At-Risk Customers
12836,59,4,2610.36,652.59,Loyal Customers
12837,173,1,134.1,134.1,At-Risk Customers
12838,34,2,671.95,335.975,Potential Customers
12839,3,14,5591.42,399.38714285714286,VIP Customers
12840,144,4,2726.77,681.6925,Loyal Customers
12841,5,25,3991.58,159.6632,VIP Customers
12842,70,2,1118.99,559.495,Loyal Customers
12843,66,8,1702.26,212.7825,Loyal Customers
12844,29,2,325.96000000000004,162.98000000000002,Potential Customers
12845,267,4,354.09,88.5225,At-Risk Customers
12847,22,1,843.64,843.64,Potential Customers
12849,31,2,992.65,496.325,Loyal Customers
12851,97,1,131.81,131.81,At-Risk Customers
12852,295,1,311.55,311.55,At-Risk Customers
12853,135,6,1957.1000000000001,326.18333333333334,Loyal Customers
12854,79,3,1316.25,438.75,Loyal Customers
12855,373,1,38.1,38.1,At-Risk Customers
12856,8,6,2170.78,361.7966666666667,VIP Customers
12857,211,2,1106.4,553.2,At-Risk Customers
12863,52,1,521.2,521.2,At-Risk Customers
12864,138,1,147.12,147.12,At-Risk Customers
12865,26,2,1568.23,784.115,Loyal Customers
12866,283,1,499.12,499.12,At-Risk Customers
12867,26,7,4009.34,572.7628571428571,VIP Customers
12868,186,6,1607.0600000000002,267.84333333333336,Loyal Customers
12871,84,2,380.64,190.32,At-Risk Customers
12872,327,2,599.97,299.985,At-Risk Customers
12873,282,1,374.0,374.0,At-Risk Customers
12875,143,2,343.2300000000001,171.61500000000004,At-Risk Customers
12876,58,2,2053.02,1026.51,Loyal Customers
12877,4,12,1535.77,127.98083333333334,VIP Customers
12878,236,2,854.99,427.495,At-Risk Customers
12879,45,3,573.22,191.07333333333335,Loyal Customers
12881,276,1,298.0,298.0,At-Risk Customers
12882,9,2,1463.04,731.52,Potential Customers
12883,25,4,703.47,175.8675,Loyal Customers
12884,88,1,309.05,309.05,At-Risk Customers
12885,63,3,1175.22,391.74,Loyal Customers
12886,68,2,1378.4,689.2,Loyal Customers
12888,214,2,354.12,177.06,At-Risk Customers
12890,24,1,376.71999999999997,376.71999999999997,Potential Customers
12891,186,3,331.0,110.33333333333333,At-Risk Customers
12893,31,1,176.55,176.55,Potential Customers
12895,42,2,372.8,186.4,Potential Customers
12897,205,2,216.5,108.25,At-Risk Customers
12901,9,28,17654.54,630.5192857142857,VIP Customers
12902,265,1,138.68,138.68,At-Risk Customers
12904,18,2,496.06,248.03,Potential Customers
12906,12,5,2919.81,583.962,VIP Customers
12908,176,2,750.0,375.0,At-Risk Customers
12909,40,5,2178.67,435.73400000000004,Loyal Customers
12910,23,8,3075.04,384.38,VIP Customers
12912,3,5,1662.3,332.46,VIP Customers
12913,5,5,2483.63,496.726,VIP Customers
12915,149,2,363.65,181.825,At-Risk Customers
12916,139,4,2944.95,736.2375,Loyal Customers
12917,128,1,594.0,594.0,At-Risk Customers
12919,8,6,1335.19,222.53166666666667,VIP Customers
12920,17,1,162.78,162.78,Potential Customers
12921,9,37,16587.09,448.29972972972973,VIP Customers
12922,161,1,405.38,405.38,At-Risk Customers
12923,64,1,171.57,171.57,At-Risk Customers
12924,88,4,925.75,231.4375,Loyal Customers
12925,5,2,694.05,347.025,Potential Customers
12928,35,5,2062.7000000000003,412.5400000000001,Loyal Customers
12929,312,1,117.85,117.85,At-Risk Customers
12930,78,2,415.8,207.9,At-Risk Customers
12931,22,15,42055.96,2803.730666666667,VIP Customers
12933,24,3,607.53,202.51,Potential Customers
12935,2,7,2160.7,308.6714285714285,VIP Customers
12936,17,4,1063.9,265.975,Loyal Customers
12937,15,4,1504.27,376.0675,Loyal Customers
12938,26,1,114.14,114.14,Potential Customers
12939,64,8,11581.8,1447.725,VIP Customers
12940,55,2,899.69,449.845,Loyal Customers
12942,131,3,675.6,225.20000000000002,Loyal Customers
12944,36,2,604.51,302.255,Potential Customers
12945,288,1,462.95,462.95,At-Risk Customers
12947,144,6,1603.99,267.33166666666665,Loyal Customers
12948,16,7,2064.95,294.99285714285713,VIP Customers
12949,31,8,4167.22,520.9025,VIP Customers
12950,2,3,1843.0,614.3333333333334,Potential Customers
12951,9,6,1064.07,177.345,Loyal Customers
12952,6,4,1387.79,346.9475,Potential Customers
12953,10,1,329.85,329.85,Potential Customers
12955,1,11,4757.16,432.4690909090909,VIP Customers
12956,306,1,108.07,108.07,At-Risk Customers
12957,10,8,4017.54,502.1925,VIP Customers
12962,7,2,266.39,133.195,Potential Customers
12963,8,8,1856.63,232.07875,VIP Customers
12965,89,1,769.8100000000001,769.8100000000001,At-Risk Customers
12966,10,1,160.18,160.18,Potential Customers
12967,358,2,1660.9,830.45,Loyal Customers
12968,112,1,135.95,135.95,At-Risk Customers
12970,7,4,405.47,101.3675,Potential Customers
12971,4,86,11189.91,130.11523255813952,VIP Customers
12974,198,1,144.8,144.8,At-Risk Customers
12976,212,1,738.6,738.6,At-Risk Customers
12977,156,1,39.239999999999995,39.239999999999995,At-Risk Customers
12980,158,9,7374.900000000001,819.4333333333334,Loyal Customers
12981,30,2,372.21999999999997,186.10999999999999,Potential Customers
12982,243,1,390.54,390.54,At-Risk Customers
12984,19,1,97.5,97.5,Potential Customers
12985,1,2,1239.38,619.69,Potential Customers
12987,74,2,558.7,279.35,At-Risk Customers
12988,292,1,505.82,505.82,At-Risk Customers
12989,3,15,6924.110000000001,461.6073333333334,VIP Customers
12990,31,3,409.5,136.5,Potential Customers
12991,23,2,503.76,251.88,Potential Customers
12993,23,4,414.76,103.69,Potential Customers
12994,4,3,974.4200000000001,324.8066666666667,Potential Customers
12995,85,1,211.32,211.32,At-Risk Customers
12997,22,4,1226.89,306.7225,Loyal Customers
12999,196,3,455.88,151.96,At-Risk Customers
13000,107,3,534.85,178.28333333333333,Loyal Customers
13001,4,13,9785.970000000001,752.7669230769231,VIP Customers
13002,318,1,120.94999999999999,120.94999999999999,At-Risk Customers
13003,106,3,149.05,49.68333333333334,At-Risk Customers
13004,12,18,5655.91,314.21722222222223,VIP Customers
13005,174,2,513.7,256.85,At-Risk Customers
13006,56,1,81.57,81.57,At-Risk Customers
13008,323,1,229.46999999999997,229.46999999999997,At-Risk Customers
13011,372,1,50.550000000000004,50.550000000000004,At-Risk Customers
13012,9,8,1646.8400000000001,205.85500000000002,VIP Customers
13013,1,13,4810.9400000000005,370.07230769230773,VIP Customers
13014,11,10,3466.2799999999997,346.628,VIP Customers
13015,53,5,3339.64,667.928,Loyal Customers
13016,73,3,789.89,263.2966666666667,Loyal Customers
13017,7,1,204.0,204.0,Potential Customers
13018,16,28,7277.7,259.91785714285714,VIP Customers
13021,4,9,2616.38,290.7088888888889,VIP Customers
13023,64,2,599.9,299.95,At-Risk Customers
13026,1,5,975.36,195.072,VIP Customers
13027,114,6,6912.0,1152.0,Loyal Customers
13028,23,2,661.3199999999999,330.65999999999997,Potential Customers
13029,31,3,1247.5,415.8333333333333,Loyal Customers
13030,11,2,752.4399999999999,376.21999999999997,Potential Customers
13032,52,2,1010.18,505.09,Loyal Customers
13033,357,1,190.55,190.55,At-Risk Customers
13034,55,2,642.77,321.385,Loyal Customers
13035,74,2,921.88,460.94,Loyal Customers
13037,138,3,881.07,293.69,Loyal Customers
13038,80,3,908.46,302.82,Loyal Customers
13040,9,2,676.99,338.495,Potential Customers
13043,273,1,516.42,516.42,At-Risk Customers
13044,291,1,560.47,560.47,At-Risk Customers
13045,99,1,305.28000000000003,305.28000000000003,At-Risk Customers
13046,31,2,629.31,314.655,Potential Customers
13047,57,9,3232.59,359.1766666666667,Loyal Customers
13048,14,4,1819.41,454.8525,Loyal Customers
13049,64,2,656.6800000000001,328.34000000000003,Loyal Customers
13050,15,17,5833.11,343.1241176470588,VIP Customers
13052,212,1,348.15000000000003,348.15000000000003,At-Risk Customers
13055,78,3,1214.41,404.80333333333334,Loyal Customers
13058,25,3,271.40000000000003,90.46666666666668,Potential Customers
13059,250,1,183.4,183.4,At-Risk Customers
13060,254,1,307.53,307.53,At-Risk Customers
13061,72,1,248.61,248.61,At-Risk Customers
13062,191,1,346.98,346.98,At-Risk Customers
13064,13,4,1105.59,276.3975,Loyal Customers
13065,373,1,205.86,205.86,At-Risk Customers
13066,24,2,470.8,235.4,Potential Customers
13067,82,1,115.46000000000001,115.46000000000001,At-Risk Customers
13068,10,2,344.0,172.0,Potential Customers
13069,1,24,4431.44,184.64333333333332,VIP Customers
13070,192,1,228.8,228.8,At-Risk Customers
13072,267,1,177.15,177.15,At-Risk Customers
13075,130,1,919.61,919.61,At-Risk Customers
13077,1,4,728.02,182.005,Potential Customers
13078,3,26,12627.94,485.69,VIP Customers
13079,4,5,220.10000000000002,44.02,Potential Customers
13080,179,1,58.08,58.08,At-Risk Customers
13081,12,11,28337.38,2576.1254545454544,VIP Customers
13082,126,9,3613.63,401.51444444444445,Loyal Customers
13083,4,2,303.75,151.875,Potential Customers
13085,158,2,416.08000000000004,208.04000000000002,At-Risk Customers
13089,3,97,58762.08,605.7946391752578,VIP Customers
13090,9,13,8895.82,684.2938461538462,VIP Customers
13091,28,1,345.82,345.82,Potential Customers
13092,71,5,477.83,95.566,Loyal Customers
13093,276,8,7832.47,979.05875,Loyal Customers
13094,21,12,1927.3200000000002,160.61,VIP Customers
13095,71,1,74.39999999999999,74.39999999999999,At-Risk Customers
13097,33,10,6003.22,600.322,VIP Customers
13098,1,28,28882.44,1031.5157142857142,VIP Customers
13099,99,1,207.35999999999999,207.35999999999999,At-Risk Customers
13101,234,1,101.19,101.19,At-Risk Customers
13102,1,24,6424.09,267.67041666666665,VIP Customers
13103,40,1,243.94,243.94,At-Risk Customers
13104,3,6,1098.48,183.08,VIP Customers
13106,133,1,76.5,76.5,At-Risk Customers
13107,44,4,1531.6200000000001,382.90500000000003,Loyal Customers
13108,373,1,350.06,350.06,At-Risk Customers
13109,60,2,786.54,393.27,Loyal Customers
13110,31,7,1488.67,212.66714285714286,Loyal Customers
13113,1,24,12245.960000000001,510.2483333333334,VIP Customers
13115,12,4,2294.78,573.695,Loyal Customers
13116,138,1,501.14,501.14,At-Risk Customers
13117,22,8,984.91,123.11375,Loyal Customers
13118,20,5,1197.81,239.56199999999998,Loyal Customers
13120,239,1,30.599999999999998,30.599999999999998,At-Risk Customers
13121,269,1,283.73,283.73,At-Risk Customers
13122,94,2,922.39,461.195,Loyal Customers
13124,90,3,3756.33,1252.11,Loyal Customers
13126,5,8,2099.64,262.455,VIP Customers
13127,78,1,259.17,259.17,At-Risk Customers
13130,94,1,64.0,64.0,At-Risk Customers
13131,23,3,1073.3,357.76666666666665,Loyal Customers
13132,262,1,77.3,77.3,At-Risk Customers
13133,274,2,109.8,54.9,At-Risk Customers
13134,86,4,1793.58,448.395,Loyal Customers
13135,197,1,3096.0,3096.0,Loyal Customers
13136,56,5,2607.61,521.522,Loyal Customers
13137,11,8,3603.29,450.41125,VIP Customers
13138,22,6,962.39,160.39833333333334,Loyal Customers
13139,16,7,5064.94,723.5628571428571,VIP Customers
13140,108,3,422.47,140.82333333333335,At-Risk Customers
13141,85,5,2388.75,477.75,Loyal Customers
13142,19,1,307.09,307.09,Potential Customers
13144,333,1,110.95,110.95,At-Risk Customers
13145,40,4,618.52,154.63,Loyal Customers
13146,26,1,228.91,228.91,Potential Customers
13147,10,4,712.8000000000001,178.20000000000002,Potential Customers
13148,29,12,3683.26,306.93833333333333,VIP Customers
13149,14,4,1676.06,419.015,Loyal Customers
13151,296,1,1257.8700000000001,1257.8700000000001,At-Risk Customers
13153,6,1,486.22,486.22,Potential Customers
13155,33,4,971.76,242.94,Loyal Customers
13157,49,4,1741.22,435.305,Loyal Customers
13158,95,4,1201.06,300.265,Loyal Customers
13159,9,4,1429.35,357.3375,Loyal Customers
13160,22,1,91.8,91.8,Potential Customers
13161,313,1,112.75,112.75,At-Risk Customers
13162,122,4,1688.29,422.0725,Loyal Customers
13165,46,2,1021.48,510.74,Loyal Customers
13166,283,1,417.2,417.2,At-Risk Customers
13167,19,4,779.33,194.8325,Loyal Customers
13168,36,4,1299.59,324.8975,Loyal Customers
13169,64,2,712.88,356.44,Loyal Customers
13170,27,1,108.81,108.81,Potential Customers
13171,22,3,468.41,156.13666666666668,Potential Customers
13173,4,2,353.65,176.825,Potential Customers
13174,16,3,2738.82,912.94,Loyal Customers
13176,46,1,481.49,481.49,At-Risk Customers
13177,65,1,282.45,282.45,At-Risk Customers
13178,26,11,5725.47,520.4972727272727,VIP Customers
13182,45,1,121.18,121.18,At-Risk Customers
13183,8,9,3957.78,439.75333333333333,VIP Customers
13184,15,10,1667.95,166.79500000000002,VIP Customers
13185,268,1,71.4,71.4,At-Risk Customers
13186,40,3,1575.89,525.2966666666667,Loyal Customers
13187,337,1,236.02,236.02,At-Risk Customers
13188,11,1,114.60000000000001,114.60000000000001,Potential Customers
13189,19,2,260.68,130.34,Potential Customers
13192,95,2,911.94,455.97,Loyal Customers
13193,61,1,112.08,112.08,At-Risk Customers
13194,136,1,60.7,60.7,At-Risk Customers
13196,11,4,1797.78,449.445,Loyal Customers
13198,10,6,3401.2400000000002,566.8733333333333,VIP Customers
13199,4,37,9802.12,264.9221621621622,VIP Customers
13200,19,4,870.09,217.5225,Loyal Customers
13203,10,4,869.46,217.365,Potential Customers
13207,15,2,250.26000000000002,125.13000000000001,Potential Customers
13208,59,5,1193.17,238.63400000000001,Loyal Customers
13209,30,8,5891.61,736.45125,VIP Customers
13210,94,1,353.48,353.48,At-Risk Customers
13211,10,3,1095.42,365.14000000000004,Potential Customers
13212,20,3,786.83,262.2766666666667,Potential Customers
13213,57,5,1520.58,304.116,Loyal Customers
13216,268,1,333.74,333.74,At-Risk Customers
13217,122,3,533.98,177.99333333333334,At-Risk Customers
13218,127,1,62.63999999999999,62.63999999999999,At-Risk Customers
13220,78,4,819.2900000000001,204.82250000000002,Loyal Customers
13221,240,2,844.86,422.43,At-Risk Customers
13223,200,2,163.20000000000002,81.60000000000001,At-Risk Customers
13224,60,2,2152.95,1076.475,Loyal Customers
13225,3,7,6463.84,923.4057142857143,VIP Customers
13226,273,1,108.21000000000001,108.21000000000001,At-Risk Customers
13227,202,1,257.7,257.7,At-Risk Customers
13228,81,1,358.0,358.0,At-Risk Customers
13229,226,1,160.95,160.95,At-Risk Customers
13230,4,14,2755.63,196.8307142857143,VIP Customers
13232,13,7,1327.75,189.67857142857142,VIP Customers
13233,74,2,605.12,302.56,At-Risk Customers
13235,212,1,1031.07,1031.07,At-Risk Customers
13236,25,2,744.85,372.425,Potential Customers
13238,17,4,700.73,175.1825,Potential Customers
13239,262,1,329.56,329.56,At-Risk Customers
13240,96,4,648.7,162.175,Loyal Customers
13242,112,3,270.40000000000003,90.13333333333334,At-Risk Customers
13243,203,1,585.12,585.12,At-Risk Customers
13244,93,1,121.74000000000001,121.74000000000001,At-Risk Customers
13245,51,1,430.5,430.5,At-Risk Customers
13246,18,6,1961.52,326.92,Loyal Customers
13247,18,4,501.12,125.28,Potential Customers
13248,125,2,465.68,232.84,At-Risk Customers
13249,92,3,711.41,237.13666666666666,Loyal Customers
13253,157,2,1030.4,515.2,Loyal Customers
13255,9,2,399.51,199.755,Potential Customers
13258,12,3,672.83,224.27666666666667,Potential Customers
13259,62,1,283.18,283.18,At-Risk Customers
13260,61,1,557.62,557.62,At-Risk Customers
13261,269,2,944.1,472.05,At-Risk Customers
13262,263,1,200.29,200.29,At-Risk Customers
13263,1,34,7411.71,217.9914705882353,VIP Customers
13265,53,5,2092.66,418.532,Loyal Customers
13266,11,12,3834.2599999999998,319.52166666666665,VIP Customers
13267,3,19,4521.49,237.97315789473683,VIP Customers
13268,18,10,3152.71,315.271,VIP Customers
13269,1,15,5343.28,356.21866666666665,VIP Customers
13270,366,1,590.0,590.0,At-Risk Customers
13271,37,1,211.49,211.49,Potential Customers
13272,31,2,276.56,138.28,Potential Customers
13273,113,1,138.98,138.98,At-Risk Customers
13276,64,2,590.9300000000001,295.46500000000003,At-Risk Customers
13277,16,4,258.4,64.6,Potential Customers
13278,41,1,542.73,542.73,Potential Customers
13279,78,1,137.75,137.75,At-Risk Customers
13280,122,3,798.46,266.15333333333336,Loyal Customers
13282,18,3,1132.14,377.38000000000005,Loyal Customers
13283,60,2,93.66,46.83,At-Risk Customers
13284,331,1,201.19,201.19,At-Risk Customers
13285,23,4,2709.12,677.28,Loyal Customers
13291,156,1,361.11,361.11,At-Risk Customers
13292,39,2,578.9399999999999,289.46999999999997,Potential Customers
13294,190,2,873.74,436.87,At-Risk Customers
13295,360,1,201.20000000000002,201.20000000000002,At-Risk Customers
13296,137,1,87.4,87.4,At-Risk Customers
13297,8,4,2089.85,522.4625,Loyal Customers
13298,1,1,360.0,360.0,Potential Customers
13299,268,1,142.5,142.5,At-Risk Customers
13300,169,1,371.89,371.89,At-Risk Customers
13301,104,4,600.19,150.0475,Loyal Customers
13302,155,1,63.75,63.75,At-Risk Customers
13304,351,1,300.42,300.42,At-Risk Customers
13305,4,10,2000.86,200.08599999999998,VIP Customers
13307,120,1,15.0,15.0,At-Risk Customers
13308,23,3,1385.51,461.83666666666664,Loyal Customers
13309,7,5,1456.79,291.358,VIP Customers
13310,28,3,1132.03,377.3433333333333,Loyal Customers
13311,4,2,598.57,299.285,Potential Customers
13313,22,5,1555.32,311.06399999999996,Loyal Customers
13314,2,3,775.94,258.6466666666667,Potential Customers
13316,37,4,5732.93,1433.2325,Loyal Customers
13317,66,6,2273.68,378.94666666666666,Loyal Customers
13318,1,3,640.76,213.58666666666667,Potential Customers
13319,5,26,10845.550000000001,417.1365384615385,VIP Customers
13320,78,4,1532.2,383.05,Loyal Customers
13321,72,2,567.36,283.68,At-Risk Customers
13322,17,1,199.48000000000002,199.48000000000002,Potential Customers
13323,3,5,787.85,157.57,Potential Customers
13324,36,10,7121.95,712.1949999999999,VIP Customers
13325,82,1,675.3,675.3,At-Risk Customers
13327,39,8,3627.77,453.47125,Loyal Customers
13328,316,1,1308.48,1308.48,At-Risk Customers
13329,32,2,789.0,394.5,Potential Customers
13330,93,3,1140.93,380.31,Loyal Customers
13332,14,1,350.9,350.9,Potential Customers
13334,82,3,3502.32,1167.44,Loyal Customers
13336,77,1,795.12,795.12,At-Risk Customers
13338,158,1,487.02,487.02,At-Risk Customers
13339,201,1,860.12,860.12,At-Risk Customers
13340,45,7,10736.48,1533.782857142857,VIP Customers
13341,261,1,775.85,775.85,At-Risk Customers
13343,178,1,353.43,353.43,At-Risk Customers
13344,68,3,2511.69,837.23,Loyal Customers
13345,288,1,389.5,389.5,At-Risk Customers
13347,70,1,341.36,341.36,At-Risk Customers
13348,64,1,233.76,233.76,At-Risk Customers
13349,11,1,247.32,247.32,Potential Customers
13350,16,2,979.12,489.56,Potential Customers
13351,66,1,373.94,373.94,At-Risk Customers
13352,60,1,397.97999999999996,397.97999999999996,At-Risk Customers
13354,71,1,743.53,743.53,At-Risk Customers
13355,122,1,674.7,674.7,At-Risk Customers
13356,80,1,768.24,768.24,At-Risk Customers
13357,257,1,609.4,609.4,At-Risk Customers
13358,269,1,439.03,439.03,At-Risk Customers
13359,64,1,439.56,439.56,At-Risk Customers
13362,9,4,3090.7400000000002,772.6850000000001,VIP Customers
13363,18,2,992.5,496.25,Potential Customers
13364,71,1,134.95999999999998,134.95999999999998,At-Risk Customers
13365,34,2,2225.37,1112.685,Loyal Customers
13366,50,1,56.160000000000004,56.160000000000004,At-Risk Customers
13368,257,2,623.4,311.7,At-Risk Customers
13369,366,1,308.28000000000003,308.28000000000003,At-Risk Customers
13370,372,1,754.87,754.87,At-Risk Customers
13372,90,1,378.64,378.64,At-Risk Customers
13373,61,3,3312.25,1104.0833333333333,Loyal Customers
13375,89,1,778.65,778.65,At-Risk Customers
13376,99,3,1019.76,339.92,Loyal Customers
13379,26,3,572.56,190.85333333333332,Potential Customers
13381,32,6,3639.31,606.5516666666666,Loyal Customers
13382,281,1,222.99,222.99,At-Risk Customers
13384,31,7,4151.93,593.1328571428572,Loyal Customers
13385,330,1,534.57,534.57,At-Risk Customers
13388,131,2,677.1,338.55,At-Risk Customers
13389,11,3,797.96,265.9866666666667,Potential Customers
13390,75,1,544.08,544.08,At-Risk Customers
13391,204,1,59.8,59.8,At-Risk Customers
13394,2,8,2520.02,315.0025,VIP Customers
13395,185,1,307.72,307.72,At-Risk Customers
13396,29,2,1360.99,680.495,Loyal Customers
13397,73,5,1544.13,308.826,Loyal Customers
13398,192,1,457.34,457.34,At-Risk Customers
13402,127,2,621.23,310.615,At-Risk Customers
13403,18,1,75.0,75.0,Potential Customers
13404,1,2,252.49,126.245,Potential Customers
13405,204,2,557.45,278.725,At-Risk Customers
13408,2,62,28117.04,453.5006451612903,VIP Customers
13410,24,5,1003.06,200.612,Loyal Customers
13411,107,1,213.55,213.55,At-Risk Customers
13414,134,3,1390.5,463.5,Loyal Customers
13416,44,2,712.5,356.25,Potential Customers
13417,5,2,640.83,320.415,Potential Customers
13418,12,18,6127.43,340.4127777777778,VIP Customers
13419,64,1,221.06,221.06,At-Risk Customers
13420,150,2,159.85,79.925,At-Risk Customers
13421,40,2,1823.21,911.605,Loyal Customers
13422,64,1,2626.3,2626.3,Loyal Customers
13425,108,3,1624.21,541.4033333333333,Loyal Customers
13426,1,10,3641.32,364.132,VIP Customers
13427,19,3,582.6,194.20000000000002,Potential Customers
13428,10,1,201.78,201.78,Potential Customers
13429,11,4,1006.8,251.7,Potential Customers
13430,19,2,679.45,339.725,Potential Customers
13431,67,2,1269.1,634.55,Loyal Customers
13434,74,2,534.24,267.12,At-Risk Customers
13435,5,7,3809.8900000000003,544.2700000000001,VIP Customers
13436,2,1,196.89,196.89,Potential Customers
13437,14,7,3408.06,486.86571428571426,VIP Customers
13439,255,1,283.71,283.71,At-Risk Customers
13441,92,1,296.64,296.64,At-Risk Customers
13447,23,3,1129.14,376.38000000000005,Loyal Customers
13448,17,6,3534.69,589.115,VIP Customers
13449,24,1,291.88,291.88,Potential Customers
13450,27,6,2043.7199999999998,340.61999999999995,Loyal Customers
13451,26,5,2898.2599999999998,579.6519999999999,Loyal Customers
13452,259,2,590.0,295.0,At-Risk Customers
13453,166,2,356.97999999999996,178.48999999999998,At-Risk Customers
13455,25,2,1058.34,529.17,Potential Customers
13456,18,6,1766.72,294.4533333333333,Loyal Customers
13458,7,14,9646.57,689.0407142857142,VIP Customers
13460,29,2,183.44,91.72,Potential Customers
13461,39,3,1445.0,481.6666666666667,Loyal Customers
13462,253,1,151.5,151.5,At-Risk Customers
13464,58,1,674.68,674.68,At-Risk Customers
13466,184,1,307.9,307.9,At-Risk Customers
13467,11,2,1071.91,535.955,Potential Customers
13468,2,37,5704.97,154.1883783783784,VIP Customers
13470,99,2,165.0,82.5,At-Risk Customers
13471,1,4,2501.84,625.46,VIP Customers
13473,61,2,422.64,211.32,At-Risk Customers
13474,236,1,226.84,226.84,At-Risk Customers
13475,191,4,1431.78,357.945,Loyal Customers
13476,179,2,1238.47,619.235,Loyal Customers
13477,38,6,1454.58,242.42999999999998,Loyal Customers
13479,201,2,300.95,150.475,At-Risk Customers
13481,46,5,1804.56,360.912,Loyal Customers
13482,232,1,184.64,184.64,At-Risk Customers
13483,66,1,140.34,140.34,At-Risk Customers
13484,241,1,313.8,313.8,At-Risk Customers
13485,233,1,454.24,454.24,At-Risk Customers
13486,78,3,1122.41,374.1366666666667,Loyal Customers
13487,58,3,575.4,191.79999999999998,Loyal Customers
13488,17,13,8968.31,689.87,VIP Customers
13489,105,4,449.52,112.38,Loyal Customers
13491,52,10,1215.82,121.582,Loyal Customers
13492,136,3,1269.84,423.28,Loyal Customers
13493,275,2,498.63,249.315,At-Risk Customers
13494,312,1,316.26000000000005,316.26000000000005,At-Risk Customers
13495,8,5,2044.8700000000001,408.97400000000005,VIP Customers
13496,11,2,653.33,326.665,Potential Customers
13497,283,2,348.05,174.025,At-Risk Customers
13499,18,5,1159.11,231.82199999999997,Loyal Customers
13500,23,3,1166.77,388.92333333333335,Loyal Customers
13501,288,1,1340.32,1340.32,At-Risk Customers
13502,17,3,292.0,97.33333333333333,Potential Customers
13503,71,1,216.85,216.85,At-Risk Customers
13504,64,1,295.93,295.93,At-Risk Customers
13505,73,4,3633.63,908.4075,Loyal Customers
13506,316,2,458.52,229.26,At-Risk Customers
13507,3,4,2479.16,619.79,VIP Customers
13508,244,1,110.97,110.97,At-Risk Customers
13509,9,6,964.72,160.78666666666666,Loyal Customers
13510,1,4,1791.56,447.89,VIP Customers
13512,261,1,251.21,251.21,At-Risk Customers
13513,127,1,205.1,205.1,At-Risk Customers
13514,74,1,152.20000000000002,152.20000000000002,At-Risk Customers
13515,73,4,891.12,222.78,Loyal Customers
13516,21,3,1389.41,463.1366666666667,Loyal Customers
13517,60,3,2128.42,709.4733333333334,Loyal Customers
13518,86,1,627.16,627.16,At-Risk Customers
13519,78,1,122.75,122.75,At-Risk Customers
13520,59,6,2984.35,497.39166666666665,Loyal Customers
13521,1,3,1070.47,356.8233333333333,Potential Customers
13522,30,1,125.80000000000001,125.80000000000001,Potential Customers
13523,33,5,3964.88,792.976,Loyal Customers
13524,41,5,680.1800000000001,136.036,Loyal Customers
13525,15,2,628.78,314.39,Potential Customers
13527,34,7,2242.36,320.33714285714285,Loyal Customers
13529,79,2,307.76,153.88,At-Risk Customers
13531,205,2,483.8,241.9,At-Risk Customers
13532,34,1,210.31,210.31,Potential Customers
13533,183,3,269.09,89.69666666666666,At-Risk Customers
13534,2,25,5870.08,234.8032,VIP Customers
13536,1,7,3444.39,492.05571428571426,VIP Customers
13538,43,7,1280.85,182.97857142857143,Loyal Customers
13539,86,3,631.34,210.4466666666667,Loyal Customers
13544,40,2,276.06,138.03,Potential Customers
13546,12,3,621.09,207.03,Potential Customers
13548,96,2,678.16,339.08,At-Risk Customers
13549,26,7,918.2,131.17142857142858,Loyal Customers
13551,319,1,91.80000000000001,91.80000000000001,At-Risk Customers
13552,66,12,3740.07,311.6725,VIP Customers
13555,74,4,4098.88,1024.72,Loyal Customers
13557,28,2,584.06,292.03,Potential Customers
13558,6,4,594.52,148.63,Potential Customers
13560,7,1,171.42000000000002,171.42000000000002,Potential Customers
13561,216,1,141.85999999999999,141.85999999999999,At-Risk Customers
13562,82,3,1799.33,599.7766666666666,Loyal Customers
13563,84,2,777.53,388.765,Loyal Customers
13564,354,2,1174.03,587.015,At-Risk Customers
13565,19,2,240.22,120.11,Potential Customers
13566,41,2,856.84,428.42,Loyal Customers
13568,173,1,187.05,187.05,At-Risk Customers
13569,17,2,337.12,168.56,Potential Customers
13570,243,1,239.49,239.49,At-Risk Customers
13571,13,12,2088.94,174.07833333333335,VIP Customers
13572,206,1,1384.25,1384.25,At-Risk Customers
13573,50,2,290.25,145.125,At-Risk Customers
13575,23,5,732.0699999999999,146.414,Loyal Customers
13576,10,18,6717.34,373.18555555555554,VIP Customers
13577,25,4,1687.6000000000001,421.90000000000003,Loyal Customers
13579,15,2,467.04,233.52,Potential Customers
13581,309,1,118.0,118.0,At-Risk Customers
13583,156,1,781.03,781.03,At-Risk Customers
13584,307,1,142.4,142.4,At-Risk Customers
13587,64,1,712.4,712.4,At-Risk Customers
13588,16,9,2478.95,275.43888888888887,VIP Customers
13589,15,2,379.65,189.825,Potential Customers
13590,11,6,1981.92,330.32,VIP Customers
13591,65,3,1117.13,372.3766666666667,Loyal Customers
13592,36,4,247.95999999999998,61.989999999999995,Potential Customers
13593,108,5,2011.88,402.37600000000003,Loyal Customers
13594,53,1,396.97,396.97,At-Risk Customers
13596,6,2,664.11,332.055,Potential Customers
13598,47,1,160.04,160.04,At-Risk Customers
13599,1,21,5149.92,245.2342857142857,VIP Customers
13600,312,1,219.52,219.52,At-Risk Customers
13601,45,2,693.32,346.66,Potential Customers
13602,65,1,428.89,428.89,At-Risk Customers
13603,26,1,164.34,164.34,Potential Customers
13606,29,3,276.75,92.25,Potential Customers
13607,40,1,675.51,675.51,Potential Customers
13610,12,7,1082.33,154.6185714285714,Loyal Customers
13611,89,3,1154.4,384.8,Loyal Customers
13614,24,4,1585.46,396.365,Loyal Customers
13615,319,1,417.69,417.69,At-Risk Customers
13617,40,3,544.18,181.39333333333332,Loyal Customers
13618,174,1,177.34,177.34,At-Risk Customers
13621,117,1,213.85,213.85,At-Risk Customers
13623,31,5,727.74,145.548,Loyal Customers
13626,253,1,257.23,257.23,At-Risk Customers
13627,59,5,1638.47,327.694,Loyal Customers
13629,23,11,7792.36,708.3963636363636,VIP Customers
13630,5,7,2031.78,290.2542857142857,VIP Customers
13631,100,11,3070.42,279.1290909090909,Loyal Customers
13632,25,5,2118.93,423.78599999999994,Loyal Customers
13634,33,5,1547.3600000000001,309.47200000000004,Loyal Customers
13635,68,1,1071.03,1071.03,At-Risk Customers
13636,37,5,949.12,189.824,Loyal Customers
13637,52,3,803.05,267.68333333333334,Loyal Customers
13638,16,1,122.64,122.64,Potential Customers
13639,74,1,1033.34,1033.34,At-Risk Customers
13642,216,1,312.28,312.28,At-Risk Customers
13643,31,3,519.44,173.14666666666668,Potential Customers
13644,16,4,2624.26,656.065,Loyal Customers
13645,120,1,252.1,252.1,At-Risk Customers
13647,10,4,1648.1200000000001,412.03000000000003,Loyal Customers
13649,257,2,346.6,173.3,At-Risk Customers
13650,17,6,1836.34,306.0566666666667,Loyal Customers
13651,40,1,79.2,79.2,At-Risk Customers
13652,46,3,1095.08,365.02666666666664,Loyal Customers
13654,43,6,2707.33,451.22166666666664,Loyal Customers
13655,114,2,932.97,466.485,Loyal Customers
13656,165,2,379.65,189.825,At-Risk Customers
13657,11,2,382.14,191.07,Potential Customers
13658,10,5,2639.17,527.8340000000001,VIP Customers
13659,206,2,1563.0,781.5,Loyal Customers
13662,86,3,881.26,293.75333333333333,Loyal Customers
13663,179,1,189.47,189.47,At-Risk Customers
13666,60,3,84.65,28.21666666666667,At-Risk Customers
13667,149,1,299.05,299.05,At-Risk Customers
13668,3,21,6309.83,300.46809523809526,VIP Customers
13669,51,2,218.55,109.275,At-Risk Customers
13670,75,1,349.7,349.7,At-Risk Customers
13672,301,2,186.39000000000001,93.19500000000001,At-Risk Customers
13673,19,2,387.44,193.72,Potential Customers
13675,151,2,486.82000000000005,243.41000000000003,At-Risk Customers
13678,152,1,232.6,232.6,At-Risk Customers
13680,1,4,3719.12,929.78,VIP Customers
13681,18,4,827.83,206.9575,Loyal Customers
13682,187,1,59.5,59.5,At-Risk Customers
13684,286,1,65.13,65.13,At-Risk Customers
13685,3,7,3119.44,445.63428571428574,VIP Customers
13686,183,1,72.0,72.0,At-Risk Customers
13689,63,1,910.0,910.0,At-Risk Customers
13690,59,1,172.25,172.25,At-Risk Customers
13692,25,3,1488.32,496.1066666666666,Loyal Customers
13694,4,50,65039.62,1300.7924,VIP Customers
13695,31,15,2504.13,166.942,VIP Customers
13697,39,1,151.29999999999998,151.29999999999998,At-Risk Customers
13699,155,1,308.58000000000004,308.58000000000004,At-Risk Customers
13700,26,10,2248.63,224.863,VIP Customers
13703,318,1,99.5,99.5,At-Risk Customers
13704,5,9,2308.06,256.4511111111111,VIP Customers
13705,8,3,711.86,237.28666666666666,Potential Customers
13706,303,1,330.79,330.79,At-Risk Customers
13707,267,2,806.41,403.205,At-Risk Customers
13708,271,1,283.33,283.33,At-Risk Customers
13709,4,13,6307.650000000001,485.2038461538462,VIP Customers
13710,32,1,180.48,180.48,Potential Customers
13711,219,2,252.06,126.03,At-Risk Customers
13712,247,1,228.84,228.84,At-Risk Customers
13715,281,5,1077.39,215.478,Loyal Customers
13716,269,1,138.28,138.28,At-Risk Customers
13717,32,6,1445.01,240.835,Loyal Customers
13718,246,2,306.55,153.275,At-Risk Customers
13719,15,5,1041.68,208.336,Loyal Customers
13720,117,4,799.9,199.975,Loyal Customers
13721,36,1,524.14,524.14,Potential Customers
13722,132,3,2375.41,791.8033333333333,Loyal Customers
13723,217,1,199.85000000000002,199.85000000000002,At-Risk Customers
13725,50,8,1980.56,247.57,Loyal Customers
13726,39,2,1079.6599999999999,539.8299999999999,Loyal Customers
13727,29,2,333.48,166.74,Potential Customers
13728,37,6,1016.14,169.35666666666665,Loyal Customers
13730,136,2,752.6,376.3,At-Risk Customers
13731,219,2,610.59,305.295,At-Risk Customers
13732,28,1,491.86,491.86,Potential Customers
13735,25,4,2883.54,720.885,Loyal Customers
13736,5,2,729.8,364.9,Potential Customers
13737,200,1,339.59999999999997,339.59999999999997,At-Risk Customers
13739,18,1,216.9,216.9,Potential Customers
13740,241,1,350.75,350.75,At-Risk Customers
13741,72,3,668.4300000000001,222.81000000000003,Loyal Customers
13742,17,12,3107.87,258.9891666666667,VIP Customers
13743,3,7,1341.6,191.65714285714284,VIP Customers
13744,95,2,1080.52,540.26,Loyal Customers
13745,162,1,300.04,300.04,At-Risk Customers
13747,374,1,79.6,79.6,At-Risk Customers
13748,96,5,948.25,189.65,Loyal Customers
13750,54,5,1647.26,329.452,Loyal Customers
13751,288,1,296.25,296.25,At-Risk Customers
13752,124,6,1175.38,195.89666666666668,Loyal Customers
13753,288,1,741.26,741.26,At-Risk Customers
13754,152,2,282.59999999999997,141.29999999999998,At-Risk Customers
13755,4,9,2108.06,234.2288888888889,VIP Customers
13756,2,14,5189.52,370.68,VIP Customers
13758,12,7,3190.55,455.79285714285714,VIP Customers
13759,33,2,659.4100000000001,329.70500000000004,Potential Customers
13760,54,2,286.79,143.395,At-Risk Customers
13761,50,2,1070.65,535.325,Loyal Customers
13762,219,1,306.72,306.72,At-Risk Customers
13763,63,1,1714.96,1714.96,Loyal Customers
13764,71,3,1516.42,505.47333333333336,Loyal Customers
13767,2,37,17220.36,465.41513513513513,VIP Customers
13769,2,10,2796.51,279.651,VIP Customers
13771,64,4,2634.45,658.6125,Loyal Customers
13772,34,3,1122.63,374.21000000000004,Loyal Customers
13774,82,1,345.0,345.0,At-Risk Customers
13777,1,33,25977.16,787.1866666666666,VIP Customers
13778,103,1,178.7,178.7,At-Risk Customers
13780,7,2,360.01,180.005,Potential Customers
13781,251,1,127.84,127.84,At-Risk Customers
13782,13,6,908.86,151.47666666666666,Loyal Customers
13784,10,11,2462.79,223.89,VIP Customers
13786,367,1,230.39999999999998,230.39999999999998,At-Risk Customers
13787,76,2,309.04,154.52,At-Risk Customers
13790,4,1,348.8,348.8,Potential Customers
13791,128,2,1516.0,758.0,Loyal Customers
13792,66,2,195.55,97.775,At-Risk Customers
13798,1,57,37153.85,651.8219298245614,VIP Customers
13799,117,2,688.86,344.43,At-Risk Customers
13800,310,1,558.32,558.32,At-Risk Customers
13801,67,1,324.8,324.8,At-Risk Customers
13802,139,3,4599.42,1533.14,Loyal Customers
13803,255,1,277.07,277.07,At-Risk Customers
13804,31,7,2588.39,369.77,Loyal Customers
13805,52,2,924.6,462.3,Loyal Customers
13806,64,1,256.38,256.38,At-Risk Customers
13807,367,1,112.6,112.6,At-Risk Customers
13808,6,5,1747.66,349.53200000000004,VIP Customers
13809,305,1,155.05,155.05,At-Risk Customers
13810,29,2,827.51,413.755,Potential Customers
13811,184,2,519.75,259.875,At-Risk Customers
13812,42,3,485.0,161.66666666666666,Potential Customers
13813,40,4,1168.8600000000001,292.21500000000003,Loyal Customers
13814,92,2,1579.12,789.56,Loyal Customers
13815,22,4,3667.36,916.84,Loyal Customers
13816,24,2,499.67,249.835,Potential Customers
13817,29,2,328.98,164.49,Potential Customers
13819,302,3,1140.35,380.1166666666666,Loyal Customers
13821,145,2,385.64,192.82,At-Risk Customers
13822,6,2,632.0,316.0,Potential Customers
13823,19,2,957.66,478.83,Potential Customers
13824,33,5,1698.94,339.788,Loyal Customers
13826,176,1,189.5,189.5,At-Risk Customers
13827,58,3,409.8,136.6,Loyal Customers
13828,22,1,209.49,209.49,Potential Customers
13831,16,6,2198.45,366.4083333333333,Loyal Customers
13832,19,1,52.199999999999996,52.199999999999996,Potential Customers
13833,159,1,383.85,383.85,At-Risk Customers
13835,25,4,834.57,208.6425,Loyal Customers
13837,212,2,266.59000000000003,133.29500000000002,At-Risk Customers
13838,6,4,674.82,168.705,Potential Customers
13841,253,1,85.0,85.0,At-Risk Customers
13842,59,9,3385.62,376.18,Loyal Customers
13844,11,1,361.62,361.62,Potential Customers
13845,65,1,312.98,312.98,At-Risk Customers
13846,25,3,865.0600000000001,288.35333333333335,Loyal Customers
13848,92,3,1255.0,418.3333333333333,Loyal Customers
13849,52,2,1537.95,768.975,Loyal Customers
13850,129,1,1595.48,1595.48,At-Risk Customers
13851,96,3,2651.46,883.82,Loyal Customers
13853,57,1,1090.14,1090.14,At-Risk Customers
13854,9,25,8109.5199999999995,324.38079999999997,VIP Customers
13856,169,3,388.5,129.5,At-Risk Customers
13858,57,1,216.17,216.17,At-Risk Customers
13859,326,1,201.16,201.16,At-Risk Customers
13860,1,5,1245.9,249.18,VIP Customers
13862,18,8,2209.36,276.17,VIP Customers
13863,248,1,305.78,305.78,At-Risk Customers
13865,58,4,501.56,125.39,Loyal Customers
13866,74,1,145.67000000000002,145.67000000000002,At-Risk Customers
13867,31,3,1005.09,335.03000000000003,Loyal Customers
13868,7,2,3192.54,1596.27,Potential Customers
13869,123,4,3083.65,770.9125,Loyal Customers
13870,2,8,2770.94,346.3675,VIP Customers
13871,23,13,6403.25,492.5576923076923,VIP Customers
13873,120,3,389.6,129.86666666666667,At-Risk Customers
13874,358,1,540.45,540.45,At-Risk Customers
13875,54,5,1786.79,357.358,Loyal Customers
13876,64,1,122.7,122.7,At-Risk Customers
13877,86,1,117.24,117.24,At-Risk Customers
13878,55,1,1271.57,1271.57,Loyal Customers
13880,21,13,3219.77,247.67461538461538,VIP Customers
13881,4,20,17159.52,857.976,VIP Customers
13882,3,5,1191.13,238.22600000000003,VIP Customers
13883,11,5,2674.48,534.896,VIP Customers
13884,7,5,787.6,157.52,Potential Customers
13885,189,2,506.8,253.4,At-Risk Customers
13886,71,1,243.56,243.56,At-Risk Customers
13887,204,1,349.55,349.55,At-Risk Customers
13888,120,2,595.67,297.835,At-Risk Customers
13889,93,1,416.90000000000003,416.90000000000003,At-Risk Customers
13890,1,10,1883.8100000000002,188.38100000000003,VIP Customers
13892,27,4,632.97,158.2425,Loyal Customers
13893,298,1,821.1,821.1,At-Risk Customers
13894,24,3,564.62,188.20666666666668,Potential Customers
13895,28,4,2593.07,648.2675,Loyal Customers
13897,50,1,311.16,311.16,At-Risk Customers
13898,326,1,155.93,155.93,At-Risk Customers
13899,16,2,388.52,194.26,Potential Customers
13900,183,3,740.95,246.98333333333335,Loyal Customers
13901,72,5,2867.2,573.4399999999999,Loyal Customers
13904,37,2,332.64,166.32,Potential Customers
13908,80,4,2369.55,592.3875,Loyal Customers
13911,57,9,2580.91,286.7677777777778,Loyal Customers
13914,12,2,626.45,313.225,Potential Customers
13917,50,2,272.04,136.02,At-Risk Customers
13918,50,2,1212.8400000000001,606.4200000000001,Loyal Customers
13919,59,2,348.81,174.405,At-Risk Customers
13922,352,1,172.25,172.25,At-Risk Customers
13923,54,1,351.13,351.13,At-Risk Customers
13924,2,6,1838.8500000000001,306.475,VIP Customers
13925,93,4,678.25,169.5625,Loyal Customers
13926,23,1,223.85000000000002,223.85000000000002,Potential Customers
13927,75,1,348.99,348.99,At-Risk Customers
13928,11,4,464.57,116.1425,Potential Customers
13929,169,2,842.65,421.325,At-Risk Customers
13930,58,2,337.34,168.67,At-Risk Customers
13931,96,2,1237.53,618.765,Loyal Customers
13932,295,1,307.4,307.4,At-Risk Customers
13933,109,2,608.7900000000001,304.39500000000004,At-Risk Customers
13934,264,1,922.1,922.1,At-Risk Customers
13936,180,1,376.58,376.58,At-Risk Customers
13937,169,1,158.85,158.85,At-Risk Customers
13938,35,1,71.66,71.66,At-Risk Customers
13939,23,3,568.55,189.51666666666665,Potential Customers
13940,17,4,839.14,209.785,Loyal Customers
13941,22,5,5112.96,1022.592,Loyal Customers
13946,79,3,561.5699999999999,187.18999999999997,Loyal Customers
13947,65,1,90.6,90.6,At-Risk Customers
13948,361,1,102.0,102.0,At-Risk Customers
13949,3,6,2427.32,404.55333333333334,VIP Customers
13950,11,4,745.06,186.265,Potential Customers
13951,176,3,674.45,224.8166666666667,At-Risk Customers
13952,218,2,3251.071,1625.5355,Loyal Customers
13953,7,7,3515.68,502.23999999999995,VIP Customers
13954,2,2,439.92,219.96,Potential Customers
13955,154,2,322.96,161.48,At-Risk Customers
13956,5,5,1019.27,203.85399999999998,Potential Customers
13959,79,3,594.04,198.01333333333332,Loyal Customers
13960,21,2,230.22,115.11,Potential Customers
13962,22,2,169.55,84.775,Potential Customers
13963,308,4,664.54,166.135,At-Risk Customers
13967,146,1,80.7,80.7,At-Risk Customers
13969,7,18,9024.17,501.34277777777777,VIP Customers
13971,19,8,2758.26,344.7825,VIP Customers
13972,71,2,190.25,95.125,At-Risk Customers
13973,287,1,264.7,264.7,At-Risk Customers
13974,49,1,413.59000000000003,413.59000000000003,At-Risk Customers
13975,31,6,2461.2400000000002,410.2066666666667,Loyal Customers
13976,207,1,357.98,357.98,At-Risk Customers
13978,15,2,196.79000000000002,98.39500000000001,Potential Customers
13979,73,1,869.87,869.87,At-Risk Customers
13980,60,1,200.14,200.14,At-Risk Customers
13982,39,4,1871.81,467.9525,Loyal Customers
13983,30,12,2603.43,216.9525,VIP Customers
13984,27,5,920.51,184.102,Loyal Customers
13985,4,15,7060.13,470.67533333333336,VIP Customers
13986,17,1,320.46,320.46,Potential Customers
13988,20,6,4147.96,691.3266666666667,VIP Customers
13989,66,2,1266.08,633.04,Loyal Customers
13990,213,1,311.3,311.3,At-Risk Customers
13991,12,6,851.88,141.98,Loyal Customers
13992,30,1,76.8,76.8,Potential Customers
13993,43,9,3466.36,385.1511111111111,Loyal Customers
13994,4,6,2274.14,379.0233333333333,VIP Customers
13995,15,5,1393.69,278.738,Loyal Customers
13999,10,12,3901.81,325.1508333333333,VIP Customers
14000,211,1,635.66,635.66,At-Risk Customers
14001,46,3,2043.0800000000002,681.0266666666668,Loyal Customers
14002,134,2,529.73,264.865,At-Risk Customers
14004,43,7,4582.64,654.6628571428572,Loyal Customers
14005,10,5,2874.72,574.944,VIP Customers
14006,116,3,962.19,320.73,Loyal Customers
14009,198,2,695.61,347.805,At-Risk Customers
14012,278,1,328.8,328.8,At-Risk Customers
14013,110,3,473.02,157.67333333333332,At-Risk Customers
14014,77,1,505.18,505.18,At-Risk Customers
14015,53,1,917.34,917.34,At-Risk Customers
14016,162,4,4341.21,1085.3025,Loyal Customers
14019,47,3,1421.61,473.86999999999995,Loyal Customers
14020,17,2,642.8,321.4,Potential Customers
14021,155,3,631.9,210.63333333333333,At-Risk Customers
14022,225,1,440.0,440.0,At-Risk Customers
14023,7,2,584.07,292.035,Potential Customers
14024,122,2,327.7,163.85,At-Risk Customers
14027,61,1,104.82,104.82,At-Risk Customers
14029,63,2,467.66,233.83,At-Risk Customers
14030,18,8,2358.84,294.855,VIP Customers
14031,7,19,17286.86,909.8347368421053,VIP Customers
14032,2,11,2975.59,270.5081818181818,VIP Customers
14034,22,3,648.89,216.29666666666665,Potential Customers
14035,29,5,1428.02,285.604,Loyal Customers
14036,285,1,626.65,626.65,At-Risk Customers
14037,176,2,147.20000000000002,73.60000000000001,At-Risk Customers
14038,78,3,1560.38,520.1266666666667,Loyal Customers
14039,33,1,152.2,152.2,Potential Customers
14040,41,12,3560.32,296.6933333333333,VIP Customers
14041,266,1,141.41,141.41,At-Risk Customers
14044,27,4,646.42,161.605,Loyal Customers
14045,109,4,1659.75,414.9375,Loyal Customers
14046,284,1,151.59,151.59,At-Risk Customers
14047,9,5,1308.6100000000001,261.72200000000004,Loyal Customers
14048,305,1,409.93,409.93,At-Risk Customers
14049,17,4,5578.72,1394.68,Loyal Customers
14050,32,2,746.36,373.18,Potential Customers
14051,1,23,15610.390000000001,678.7126086956522,VIP Customers
14052,20,1,225.36,225.36,Potential Customers
14053,124,2,260.25,130.125,At-Risk Customers
14054,65,1,92.46,92.46,At-Risk Customers
14055,106,1,725.6400000000001,725.6400000000001,At-Risk Customers
14056,1,23,8152.71,354.46565217391304,VIP Customers
14057,24,17,6211.66,365.39176470588234,VIP Customers
14059,267,1,183.6,183.6,At-Risk Customers
14060,5,19,6140.42,323.18,VIP Customers
14062,10,12,10464.85,872.0708333333333,VIP Customers
14064,29,5,1334.34,266.868,Loyal Customers
14066,267,1,152.55,152.55,At-Risk Customers
14067,64,2,374.7,187.35,At-Risk Customers
14068,320,1,265.85,265.85,At-Risk Customers
14071,4,8,1422.75,177.84375,VIP Customers
14073,32,1,151.04,151.04,Potential Customers
14075,5,3,942.26,314.08666666666664,Potential Customers
14076,129,1,118.67,118.67,At-Risk Customers
14077,41,5,499.41999999999996,99.88399999999999,Loyal Customers
14078,102,6,1049.37,174.89499999999998,Loyal Customers
14079,125,1,375.1,375.1,At-Risk Customers
14080,33,1,45.599999999999994,45.599999999999994,At-Risk Customers
14081,302,2,921.62,460.81,At-Risk Customers
14082,365,1,182.25,182.25,At-Risk Customers
14083,4,9,1002.9,111.43333333333334,VIP Customers
14085,2,18,4421.29,245.62722222222223,VIP Customers
14087,3,1,191.47,191.47,Potential Customers
14088,10,13,50491.81,3883.9853846153846,VIP Customers
14089,57,1,158.75,158.75,At-Risk Customers
14090,325,1,76.32000000000001,76.32000000000001,At-Risk Customers
14092,8,14,4076.91,291.2078571428571,VIP Customers
14093,12,1,433.86,433.86,Potential Customers
14096,4,17,53258.43,3132.8488235294117,VIP Customers
14098,37,1,147.35,147.35,At-Risk Customers
14099,16,11,3104.17,282.1972727272727,VIP Customers
14100,138,1,191.95000000000002,191.95000000000002,At-Risk Customers
14101,74,6,5976.79,996.1316666666667,Loyal Customers
14102,5,5,1105.8799999999999,221.176,Potential Customers
14104,155,2,216.20999999999998,108.10499999999999,At-Risk Customers
14105,239,1,1266.23,1266.23,At-Risk Customers
14107,52,7,2703.23,386.17571428571426,Loyal Customers
14108,31,2,597.91,298.955,Potential Customers
14109,73,1,144.2,144.2,At-Risk Customers
14110,4,12,5683.15,473.5958333333333,VIP Customers
14111,14,4,692.85,173.2125,Potential Customers
14112,23,7,2915.15,416.45,VIP Customers
14113,4,4,1840.42,460.105,VIP Customers
14114,274,2,386.53,193.265,At-Risk Customers
14116,20,5,1382.74,276.548,Loyal Customers
14117,144,1,90.0,90.0,At-Risk Customers
14121,4,4,2780.15,695.0375,VIP Customers
14124,84,1,419.58000000000004,419.58000000000004,At-Risk Customers
14125,11,3,2720.63,906.8766666666667,Loyal Customers
14126,8,3,706.1300000000001,235.3766666666667,Potential Customers
14127,123,3,709.71,236.57000000000002,Loyal Customers
14128,61,2,637.5,318.75,Loyal Customers
14129,2,5,1123.8600000000001,224.77200000000002,VIP Customers
14130,319,1,480.91,480.91,At-Risk Customers
14132,2,11,3586.0299999999997,326.00272727272727,VIP Customers
14133,130,3,605.64,201.88,Loyal Customers
14135,2,15,4690.31,312.68733333333336,VIP Customers
14138,2,2,965.8800000000001,482.94000000000005,Potential Customers
14139,46,1,415.82,415.82,At-Risk Customers
14140,4,2,935.05,467.525,Potential Customers
14141,3,4,915.13,228.7825,Potential Customers
14142,373,1,311.81,311.81,At-Risk Customers
14143,134,1,115.8,115.8,At-Risk Customers
14145,47,4,3742.2,935.55,Loyal Customers
14146,9,5,4191.0,838.2,VIP Customers
14147,78,2,483.4,241.7,At-Risk Customers
14148,234,1,157.2,157.2,At-Risk Customers
14149,221,1,446.62,446.62,At-Risk Customers
14150,36,2,658.64,329.32,Potential Customers
14152,75,2,621.29,310.645,At-Risk Customers
14154,239,2,1345.62,672.81,Loyal Customers
14155,266,1,118.75,118.75,At-Risk Customers
14156,10,55,117210.08,2131.0923636363636,VIP Customers
14157,20,2,424.89000000000004,212.44500000000002,Potential Customers
14158,40,1,507.66,507.66,Potential Customers
14159,20,11,4627.98,420.7254545454545,VIP Customers
14161,216,3,1097.6200000000001,365.8733333333334,Loyal Customers
14162,174,2,289.36,144.68,At-Risk Customers
14163,87,4,2445.91,611.4775,Loyal Customers
14164,71,2,1631.77,815.885,Loyal Customers
14165,276,1,120.44,120.44,At-Risk Customers
14167,39,4,562.59,140.6475,Loyal Customers
14171,98,1,363.79,363.79,At-Risk Customers
14173,11,4,450.84,112.71,Potential Customers
14174,33,1,134.46,134.46,Potential Customers
14175,60,3,3222.3,1074.1000000000001,Loyal Customers
14176,297,4,576.9000000000001,144.22500000000002,At-Risk Customers
14177,86,4,549.46,137.365,Loyal Customers
14178,9,7,1580.26,225.75142857142856,VIP Customers
14179,41,2,701.57,350.785,Potential Customers
14180,11,25,4748.52,189.94080000000002,VIP Customers
14184,67,1,452.89,452.89,At-Risk Customers
14185,331,1,197.65,197.65,At-Risk Customers
14188,31,6,2054.36,342.3933333333334,Loyal Customers
14189,2,15,4654.08,310.272,VIP Customers
14191,2,13,4684.76,360.36615384615385,VIP Customers
14193,68,2,853.39,426.695,Loyal Customers
14194,5,21,11349.52,540.4533333333334,VIP Customers
14195,202,2,1012.0,506.0,At-Risk Customers
14196,107,1,335.52,335.52,At-Risk Customers
14198,18,4,701.4,175.35,Potential Customers
14199,218,1,185.39999999999998,185.39999999999998,At-Risk Customers
14201,60,7,747.44,106.77714285714286,Loyal Customers
14204,2,1,150.61,150.61,Potential Customers
14205,17,2,466.7,233.35,Potential Customers
14206,239,1,328.15999999999997,328.15999999999997,At-Risk Customers
14208,95,1,151.74,151.74,At-Risk Customers
14209,11,6,2073.43,345.57166666666666,VIP Customers
14210,106,6,1905.8400000000001,317.64000000000004,Loyal Customers
14211,53,9,2241.1,249.0111111111111,Loyal Customers
14212,90,1,1070.48,1070.48,At-Risk Customers
14214,31,5,1004.38,200.876,Loyal Customers
14215,12,6,1789.72,298.2866666666667,VIP Customers
14216,3,4,1839.3,459.825,VIP Customers
14217,2,17,2004.98,117.94,VIP Customers
14218,43,1,169.48000000000002,169.48000000000002,At-Risk Customers
14219,4,1,89.94,89.94,Potential Customers
14220,247,2,632.4,316.2,At-Risk Customers
14221,42,9,3432.8,381.4222222222222,VIP Customers
14222,177,1,683.17,683.17,At-Risk Customers
14223,92,3,991.13,330.37666666666667,Loyal Customers
14224,110,4,1009.73,252.4325,Loyal Customers
14226,29,5,2214.79,442.95799999999997,Loyal Customers
14227,26,10,3350.96,335.096,VIP Customers
14229,52,3,1547.2,515.7333333333333,Loyal Customers
14231,184,3,925.71,308.57,Loyal Customers
14232,43,5,2048.07,409.61400000000003,Loyal Customers
14233,49,4,1462.72,365.68,Loyal Customers
14234,22,4,754.12,188.53,Loyal Customers
14235,75,5,3144.86,628.972,Loyal Customers
14236,81,2,490.86,245.43,At-Risk Customers
14237,373,1,161.0,161.0,At-Risk Customers
14238,326,1,146.85,146.85,At-Risk Customers
14239,43,11,2380.85,216.4409090909091,VIP Customers
14240,30,2,890.34,445.17,Potential Customers
14241,184,1,213.70000000000002,213.70000000000002,At-Risk Customers
14242,235,2,280.55,140.275,At-Risk Customers
14243,9,10,2588.77,258.877,VIP Customers
14245,220,2,1693.45,846.725,Loyal Customers
14246,111,3,1474.06,491.3533333333333,Loyal Customers
14247,278,1,136.76999999999998,136.76999999999998,At-Risk Customers
14248,318,1,302.58,302.58,At-Risk Customers
14250,7,3,1904.05,634.6833333333333,Potential Customers
14251,2,5,2879.7000000000003,575.94,VIP Customers
14256,260,2,969.0600000000001,484.53000000000003,At-Risk Customers
14257,64,5,3099.7200000000003,619.9440000000001,Loyal Customers
14258,9,9,12669.98,1407.7755555555555,VIP Customers
14259,142,1,120.0,120.0,At-Risk Customers
14261,51,2,1163.45,581.725,Loyal Customers
14262,8,8,2618.23,327.27875,VIP Customers
14264,155,2,333.97,166.985,At-Risk Customers
14265,109,2,530.18,265.09,At-Risk Customers
14267,163,3,1516.24,505.41333333333336,Loyal Customers
14270,332,1,492.65000000000003,492.65000000000003,At-Risk Customers
14271,226,1,112.32,112.32,At-Risk Customers
14272,74,2,437.96,218.98,At-Risk Customers
14273,51,4,559.97,139.9925,Loyal Customers
14276,99,3,1119.74,373.24666666666667,Loyal Customers
14277,15,3,4152.0,1384.0,Loyal Customers
14280,197,1,134.04,134.04,At-Risk Customers
14282,3,15,3701.44,246.76266666666666,VIP Customers
14284,31,2,595.25,297.625,Potential Customers
14285,21,4,1910.01,477.5025,Loyal Customers
14286,24,3,4628.75,1542.9166666666667,Loyal Customers
14287,8,3,176.63,58.876666666666665,Potential Customers
14288,213,1,426.6,426.6,At-Risk Customers
14289,9,6,911.26,151.87666666666667,Loyal Customers
14290,11,5,2314.65,462.93,VIP Customers
14291,2,11,3883.25,353.02272727272725,VIP Customers
14292,8,9,4871.93,541.3255555555556,VIP Customers
14293,3,4,1046.56,261.64,Potential Customers
14295,40,1,166.20000000000002,166.20000000000002,At-Risk Customers
14297,18,4,1305.33,326.3325,Loyal Customers
14298,8,44,51527.3,1171.075,VIP Customers
14299,8,9,3965.62,440.6244444444444,VIP Customers
14300,19,1,43.2,43.2,Potential Customers
14301,117,1,640.14,640.14,At-Risk Customers
14304,223,1,383.45,383.45,At-Risk Customers
14305,71,3,1858.96,619.6533333333333,Loyal Customers
14306,51,2,2093.32,1046.66,Loyal Customers
14307,89,6,2995.72,499.28666666666663,Loyal Customers
14309,8,9,2352.53,261.39222222222224,VIP Customers
14311,243,1,310.26,310.26,At-Risk Customers
14312,47,6,1611.59,268.5983333333333,Loyal Customers
14314,107,1,120.0,120.0,At-Risk Customers
14315,45,6,2481.13,413.5216666666667,Loyal Customers
14317,65,1,508.58000000000004,508.58000000000004,At-Risk Customers
14320,207,2,477.79,238.895,At-Risk Customers
14321,11,5,1530.75,306.15,Loyal Customers
14323,115,2,605.0600000000001,302.53000000000003,At-Risk Customers
14326,242,1,183.85,183.85,At-Risk Customers
14327,163,1,311.65,311.65,At-Risk Customers
14329,17,7,4975.24,710.7485714285714,VIP Customers
14331,124,2,462.65999999999997,231.32999999999998,At-Risk Customers
14332,23,3,840.21,280.07,Loyal Customers
14333,68,1,415.2,415.2,At-Risk Customers
14334,17,8,2552.21,319.02625,VIP Customers
14335,16,2,454.86,227.43,Potential Customers
14336,17,4,1614.91,403.7275,Loyal Customers
14338,161,2,588.22,294.11,At-Risk Customers
14339,243,1,309.52,309.52,At-Risk Customers
14340,219,1,134.7,134.7,At-Risk Customers
14341,45,8,2166.98,270.8725,Loyal Customers
14342,21,4,668.5600000000001,167.14000000000001,Loyal Customers
14344,127,8,889.9300000000001,111.24125000000001,Loyal Customers
14345,39,1,108.97999999999999,108.97999999999999,At-Risk Customers
14346,121,2,1021.58,510.79,Loyal Customers
14348,260,1,409.57,409.57,At-Risk Customers
14349,10,1,133.5,133.5,Potential Customers
14350,274,1,282.93,282.93,At-Risk Customers
14351,165,1,51.0,51.0,At-Risk Customers
14352,157,4,1078.96,269.74,Loyal Customers
14353,215,1,90.6,90.6,At-Risk Customers
14354,6,2,163.62,81.81,Potential Customers
14355,366,1,174.4,174.4,At-Risk Customers
14356,80,2,701.23,350.615,Loyal Customers
14357,43,1,225.12,225.12,At-Risk Customers
14359,19,3,912.18,304.06,Potential Customers
14360,32,4,2118.03,529.5075,Loyal Customers
14362,22,1,151.5,151.5,Potential Customers
14364,109,8,3717.35,464.66875,Loyal Customers
14367,8,16,9227.82,576.73875,VIP Customers
14368,320,1,155.0,155.0,At-Risk Customers
14371,295,1,100.5,100.5,At-Risk Customers
14373,358,1,76.55,76.55,At-Risk Customers
14375,185,1,235.56,235.56,At-Risk Customers
14377,191,2,617.05,308.525,At-Risk Customers
14379,44,2,348.1,174.05,Potential Customers
14381,52,1,202.68,202.68,At-Risk Customers
14382,26,1,615.49,615.49,Potential Customers
14383,38,3,1247.69,415.8966666666667,Loyal Customers
14385,9,3,202.11,67.37,Potential Customers
14386,297,1,142.4,142.4,At-Risk Customers
14387,33,3,1727.6,575.8666666666667,Loyal Customers
14388,10,8,3212.84,401.605,VIP Customers
14389,65,2,1043.46,521.73,Loyal Customers
14390,10,9,4642.57,515.8411111111111,VIP Customers
14393,218,1,67.95,67.95,At-Risk Customers
14395,2,9,3479.91,386.65666666666664,VIP Customers
14396,65,2,487.99,243.995,At-Risk Customers
14397,3,19,2612.96,137.52421052631578,VIP Customers
14400,149,1,574.7,574.7,At-Risk Customers
14401,4,13,4051.48,311.6523076923077,VIP Customers
14403,130,4,1475.81,368.9525,Loyal Customers
14404,34,6,1449.32,241.5533333333333,Loyal Customers
14406,119,1,156.75,156.75,At-Risk Customers
14407,107,5,2142.73,428.546,Loyal Customers
14408,11,7,2599.03,371.29,VIP Customers
14409,71,6,2059.4500000000003,343.24166666666673,Loyal Customers
14410,92,9,1099.27,122.14111111111112,Loyal Customers
14411,311,1,1063.0,1063.0,At-Risk Customers
14412,43,2,770.03,385.015,Loyal Customers
14413,362,1,121.05,121.05,At-Risk Customers
14414,92,7,1496.98,213.8542857142857,Loyal Customers
14415,1,13,5855.57,450.42846153846153,VIP Customers
14416,22,2,490.22,245.11,Potential Customers
14418,4,3,1937.25,645.75,Potential Customers
14419,11,6,1051.79,175.29833333333332,Loyal Customers
14420,99,1,387.52,387.52,At-Risk Customers
14421,57,2,813.11,406.555,Loyal Customers
14422,1,6,4263.64,710.6066666666667,VIP Customers
14423,218,1,265.2,265.2,At-Risk Customers
14424,18,1,322.08,322.08,Potential Customers
14426,24,10,4481.67,448.16700000000003,VIP Customers
14427,50,2,363.34000000000003,181.67000000000002,Potential Customers
14428,7,5,1224.06,244.81199999999998,Loyal Customers
14431,303,1,470.36,470.36,At-Risk Customers
14432,10,6,2248.5,374.75,VIP Customers
14434,22,6,1372.8,228.79999999999998,Loyal Customers
14436,99,1,89.06,89.06,At-Risk Customers
14437,366,1,63.0,63.0,At-Risk Customers
14438,306,1,131.9,131.9,At-Risk Customers
14439,320,1,2661.24,2661.24,At-Risk Customers
14440,8,5,2357.6800000000003,471.53600000000006,VIP Customers
14441,1,4,1712.89,428.2225,VIP Customers
14442,205,2,1589.82,794.91,Loyal Customers
14443,54,4,1420.2,355.05,Loyal Customers
14446,1,4,1005.55,251.3875,Potential Customers
14447,19,5,1163.23,232.64600000000002,Loyal Customers
14448,9,2,375.35,187.675,Potential Customers
14449,19,4,885.8,221.45,Loyal Customers
14450,181,3,483.25,161.08333333333334,At-Risk Customers
14451,60,2,643.9,321.95,Loyal Customers
14452,11,2,259.05,129.525,Potential Customers
14453,190,1,119.93,119.93,At-Risk Customers
14456,5,9,3014.32,334.9244444444445,VIP Customers
14457,311,1,113.64,113.64,At-Risk Customers
14459,155,1,1837.92,1837.92,At-Risk Customers
14460,110,3,434.34,144.78,At-Risk Customers
14461,148,3,2102.67,700.89,Loyal Customers
14462,66,11,1975.57,179.59727272727272,Loyal Customers
14463,98,3,529.62,176.54,Loyal Customers
14465,247,3,1038.44,346.1466666666667,Loyal Customers
14466,29,7,2272.4,324.62857142857143,Loyal Customers
14467,18,4,596.26,149.065,Potential Customers
14470,12,2,461.19,230.595,Potential Customers
14472,104,8,1852.67,231.58375,Loyal Customers
14473,74,2,234.34000000000003,117.17000000000002,At-Risk Customers
14474,46,1,547.66,547.66,Potential Customers
14475,72,3,925.85,308.6166666666667,Loyal Customers
14476,257,1,193.0,193.0,At-Risk Customers
14477,20,4,1309.6,327.4,Loyal Customers
14479,254,2,316.25,158.125,At-Risk Customers
14480,11,1,279.05,279.05,Potential Customers
14481,165,2,636.51,318.255,At-Risk Customers
14482,18,6,2022.81,337.135,Loyal Customers
14483,282,1,137.1,137.1,At-Risk Customers
14484,50,1,321.92,321.92,At-Risk Customers
14485,39,1,162.8,162.8,At-Risk Customers
14487,27,6,1165.48,194.24666666666667,Loyal Customers
14488,68,1,1064.28,1064.28,At-Risk Customers
14489,207,1,463.38,463.38,At-Risk Customers
14491,175,2,340.93,170.465,At-Risk Customers
14493,7,5,2383.2400000000002,476.648,VIP Customers
14494,26,1,139.56,139.56,Potential Customers
14495,51,2,123.8,61.9,At-Risk Customers
14496,312,2,538.8100000000001,269.40500000000003,At-Risk Customers
14497,309,1,475.37,475.37,At-Risk Customers
14498,43,5,1957.32,391.464,Loyal Customers
14499,26,3,808.44,269.48,Loyal Customers
14500,88,3,356.85,118.95,At-Risk Customers
14501,184,2,251.21,125.605,At-Risk Customers
14502,20,11,2426.79,220.61727272727273,VIP Customers
14503,3,6,3543.26,590.5433333333334,VIP Customers
14504,47,4,673.26,168.315,Loyal Customers
14505,17,8,5859.43,732.42875,VIP Customers
14506,17,5,1960.65,392.13,Loyal Customers
14507,24,6,1367.88,227.98000000000002,Loyal Customers
14508,22,2,268.05,134.025,Potential Customers
14511,11,5,1314.81,262.962,Loyal Customers
14512,188,2,275.28,137.64,At-Risk Customers
14513,101,3,455.59000000000003,151.86333333333334,At-Risk Customers
14514,61,3,990.2,330.06666666666666,Loyal Customers
14515,18,6,2076.89,346.1483333333333,Loyal Customers
14517,33,2,330.45,165.225,Potential Customers
14518,64,1,174.37,174.37,At-Risk Customers
14520,2,2,270.6,135.3,Potential Customers
14522,24,4,974.54,243.635,Loyal Customers
14523,108,1,241.09,241.09,At-Risk Customers
14524,32,9,1843.83,204.87,Loyal Customers
14525,20,9,4215.9,468.4333333333333,VIP Customers
14527,3,55,8506.13,154.65690909090907,VIP Customers
14528,37,1,364.21999999999997,364.21999999999997,Potential Customers
14529,60,3,578.61,192.87,Loyal Customers
14530,26,6,2862.11,477.0183333333334,Loyal Customers
14532,236,4,932.85,233.2125,Loyal Customers
14533,25,7,1949.72,278.5314285714286,Loyal Customers
14534,3,18,4395.65,244.20277777777775,VIP Customers
14535,60,3,2854.84,951.6133333333333,Loyal Customers
14536,260,1,170.95,170.95,At-Risk Customers
14537,58,1,355.56,355.56,At-Risk Customers
14538,65,2,388.25,194.125,At-Risk Customers
14539,16,2,537.48,268.74,Potential Customers
14540,10,3,952.66,317.55333333333334,Potential Customers
14541,59,8,1453.35,181.66875,Loyal Customers
14542,186,1,103.25,103.25,At-Risk Customers
14543,29,16,3560.08,222.505,VIP Customers
14544,24,2,2004.3,1002.15,Loyal Customers
14546,5,5,2573.93,514.786,VIP Customers
14547,4,8,3974.75,496.84375,VIP Customers
14548,151,2,652.8,326.4,At-Risk Customers
14549,311,1,289.24,289.24,At-Risk Customers
14550,11,2,757.37,378.685,Potential Customers
14551,18,2,186.23,93.115,Potential Customers
14552,152,1,164.22,164.22,At-Risk Customers
14553,19,5,859.27,171.85399999999998,Loyal Customers
14554,10,4,2279.4900000000002,569.8725000000001,Loyal Customers
14555,57,2,312.54,156.27,At-Risk Customers
14557,85,1,788.38,788.38,At-Risk Customers
14560,7,22,2237.77,101.71681818181818,VIP Customers
14561,76,3,1080.76,360.25333333333333,Loyal Customers
14562,4,18,5006.77,278.1538888888889,VIP Customers
14565,96,4,3099.12,774.78,Loyal Customers
14566,111,1,1432.0,1432.0,At-Risk Customers
14567,57,2,1530.3600000000001,765.1800000000001,Loyal Customers
14569,1,1,227.39,227.39,Potential Customers
14570,281,2,217.21,108.605,At-Risk Customers
14572,3,7,2804.54,400.6485714285714,VIP Customers
14573,180,9,1639.82,182.20222222222222,Loyal Customers
14576,372,1,35.400000000000006,35.400000000000006,At-Risk Customers
14577,13,4,859.71,214.9275,Potential Customers
14578,3,1,168.63,168.63,Potential Customers
14581,17,1,138.6,138.6,Potential Customers
14582,41,1,114.11,114.11,At-Risk Customers
14583,6,5,986.96,197.392,Potential Customers
14584,169,4,1033.06,258.265,Loyal Customers
14585,50,1,157.05,157.05,At-Risk Customers
14586,277,1,237.36,237.36,At-Risk Customers
14587,19,9,1580.29,175.58777777777777,VIP Customers
14589,372,1,39.75,39.75,At-Risk Customers
14591,15,4,1320.21,330.0525,Loyal Customers
14592,35,3,557.94,185.98000000000002,Potential Customers
14593,22,3,617.15,205.71666666666667,Potential Customers
14594,7,2,363.33,181.665,Potential Customers
14595,20,6,1740.6,290.09999999999997,Loyal Customers
14597,11,2,866.24,433.12,Potential Customers
14598,44,1,221.97,221.97,At-Risk Customers
14600,306,1,393.33000000000004,393.33000000000004,At-Risk Customers
14601,11,1,213.96,213.96,Potential Customers
14603,275,1,660.0,660.0,At-Risk Customers
14606,1,90,11926.15,132.51277777777779,VIP Customers
14607,16,12,15021.5,1251.7916666666667,VIP Customers
14608,4,4,1785.15,446.2875,VIP Customers
14609,72,4,601.56,150.39,Loyal Customers
14616,243,3,406.08000000000004,135.36,At-Risk Customers
14618,9,3,553.44,184.48000000000002,Potential Customers
14619,246,1,394.44,394.44,At-Risk Customers
14620,206,2,412.78000000000003,206.39000000000001,At-Risk Customers
14621,1,5,1788.3600000000001,357.672,VIP Customers
14622,185,1,320.58000000000004,320.58000000000004,At-Risk Customers
14623,32,5,882.02,176.404,Loyal Customers
14624,57,2,225.85,112.925,At-Risk Customers
14625,196,2,899.63,449.815,At-Risk Customers
14626,24,4,2791.27,697.8175,Loyal Customers
14628,91,2,671.96,335.98,At-Risk Customers
14629,4,2,955.26,477.63,Potential Customers
14631,51,3,1006.98,335.66,Loyal Customers
14632,263,1,114.56,114.56,At-Risk Customers
14633,266,1,344.90000000000003,344.90000000000003,At-Risk Customers
14636,36,2,609.85,304.925,Potential Customers
14638,51,1,443.6,443.6,At-Risk Customers
14639,52,6,2984.49,497.41499999999996,Loyal Customers
14640,24,6,2107.38,351.23,Loyal Customers
14641,22,1,110.46,110.46,Potential Customers
14642,59,1,96.12,96.12,At-Risk Customers
14643,170,2,693.8100000000001,346.90500000000003,At-Risk Customers
14644,68,2,830.76,415.38,Loyal Customers
14645,157,2,597.09,298.545,At-Risk Customers
14646,2,72,279138.02,3876.9169444444447,VIP Customers
14647,201,1,236.04000000000002,236.04000000000002,At-Risk Customers
14649,5,4,1402.59,350.6475,Potential Customers
14651,67,2,653.75,326.875,Loyal Customers
14652,77,1,114.18,114.18,At-Risk Customers
14653,1,7,1916.7,273.81428571428575,VIP Customers
14655,8,4,1932.23,483.0575,Loyal Customers
14656,169,2,291.05,145.525,At-Risk Customers
14657,18,4,848.22,212.055,Loyal Customers
14658,5,2,247.15,123.575,Potential Customers
14659,9,9,2529.93,281.1033333333333,VIP Customers
14660,87,2,285.74,142.87,At-Risk Customers
14661,27,1,107.95,107.95,Potential Customers
14662,29,4,741.37,185.3425,Loyal Customers
14664,20,2,636.24,318.12,Potential Customers
14665,61,5,1835.7,367.14,Loyal Customers
14666,24,1,179.95,179.95,Potential Customers
14667,11,25,9170.79,366.83160000000004,VIP Customers
14669,242,3,1259.24,419.74666666666667,Loyal Customers
14670,280,2,392.86,196.43,At-Risk Customers
14672,235,2,765.55,382.775,At-Risk Customers
14673,3,5,1736.4,347.28000000000003,VIP Customers
14675,16,1,596.36,596.36,Potential Customers
14676,31,6,2548.2400000000002,424.7066666666667,Loyal Customers
14680,25,16,28754.11,1797.131875,VIP Customers
14681,71,3,498.95,166.31666666666666,Loyal Customers
14682,188,2,52.0,26.0,At-Risk Customers
14684,26,5,1201.51,240.302,Loyal Customers
14687,107,1,628.38,628.38,At-Risk Customers
14688,8,21,5579.1,265.6714285714286,VIP Customers
14689,209,1,112.8,112.8,At-Risk Customers
14690,44,2,355.05,177.525,Potential Customers
14691,31,5,2114.33,422.866,Loyal Customers
14692,137,4,591.55,147.8875,Loyal Customers
14693,265,1,172.9,172.9,At-Risk Customers
14696,4,7,2078.95,296.99285714285713,VIP Customers
14697,218,2,188.60999999999999,94.30499999999999,At-Risk Customers
14698,2,5,1217.27,243.454,VIP Customers
14699,214,1,109.13000000000001,109.13000000000001,At-Risk Customers
14700,32,3,2195.1,731.6999999999999,Loyal Customers
14701,11,9,2526.09,280.6766666666667,VIP Customers
14702,1,17,3251.79,191.28176470588235,VIP Customers
14703,15,1,318.17,318.17,Potential Customers
14704,20,7,1461.6200000000001,208.80285714285716,Loyal Customers
14705,199,1,179.0,179.0,At-Risk Customers
14708,3,3,1126.37,375.45666666666665,Potential Customers
14709,15,13,4921.04,378.54153846153844,VIP Customers
14710,14,4,599.48,149.87,Potential Customers
14711,10,11,2839.62,258.1472727272727,VIP Customers
14712,29,3,917.07,305.69,Loyal Customers
14713,9,11,2662.2,242.0181818181818,VIP Customers
14714,24,1,160.19,160.19,Potential Customers
14715,25,4,867.38,216.845,Loyal Customers
14716,43,2,307.51,153.755,Potential Customers
14719,2,5,1581.84,316.368,VIP Customers
14720,6,3,663.81,221.26999999999998,Potential Customers
14722,147,1,180.42000000000002,180.42000000000002,At-Risk Customers
14723,10,6,1120.66,186.77666666666667,Loyal Customers
14725,25,1,655.58,655.58,Potential Customers
14727,274,1,268.58,268.58,At-Risk Customers
14729,374,1,313.49,313.49,At-Risk Customers
14730,1,8,1897.57,237.19625,VIP Customers
14731,47,3,380.02,126.67333333333333,Potential Customers
14732,8,8,2702.4900000000002,337.81125000000003,VIP Customers
14733,16,12,9585.91,798.8258333333333,VIP Customers
14735,4,31,6050.69,195.18354838709675,VIP Customers
14737,4,3,1164.55,388.18333333333334,Potential Customers
14738,43,7,1314.45,187.77857142857144,Loyal Customers
14739,4,7,3902.28,557.4685714285714,VIP Customers
14740,197,3,1448.21,482.7366666666667,Loyal Customers
14741,12,6,1400.34,233.39,Loyal Customers
14744,16,7,1099.98,157.14000000000001,Loyal Customers
14745,113,5,1220.26,244.052,Loyal Customers
14747,249,1,328.2,328.2,At-Risk Customers
14748,29,5,1415.75,283.15,Loyal Customers
14752,44,1,389.64,389.64,At-Risk Customers
14753,87,1,563.15,563.15,At-Risk Customers
14754,45,2,638.05,319.025,Potential Customers
14755,10,11,5010.28,455.47999999999996,VIP Customers
14756,15,1,738.96,738.96,Potential Customers
14757,75,1,420.5,420.5,At-Risk Customers
14758,145,4,1484.06,371.015,Loyal Customers
14759,5,3,1625.97,541.99,Potential Customers
14760,297,1,89.2,89.2,At-Risk Customers
14761,59,2,255.9,127.95,At-Risk Customers
14762,264,1,300.52,300.52,At-Risk Customers
14764,47,1,278.3,278.3,At-Risk Customers
14765,29,3,254.11,84.70333333333333,Potential Customers
14766,8,6,2473.37,412.2283333333333,VIP Customers
14768,17,2,192.60000000000002,96.30000000000001,Potential Customers
14769,3,8,10415.33,1301.91625,VIP Customers
14770,232,2,876.42,438.21,At-Risk Customers
14772,112,1,139.26,139.26,At-Risk Customers
14775,58,3,1011.9,337.3,Loyal Customers
14776,51,11,2538.3,230.75454545454548,Loyal Customers
14778,127,2,730.86,365.43,At-Risk Customers
14779,281,3,386.15,128.71666666666667,At-Risk Customers
14780,55,2,447.68,223.84,At-Risk Customers
14782,320,1,200.10000000000002,200.10000000000002,At-Risk Customers
14784,26,2,289.99,144.995,Potential Customers
14785,10,2,77.4,38.7,Potential Customers
14788,7,2,679.4399999999999,339.71999999999997,Potential Customers
14789,29,1,197.64,197.64,Potential Customers
14790,17,4,745.06,186.265,Potential Customers
14792,64,1,6.2,6.2,At-Risk Customers
14793,21,1,228.99,228.99,Potential Customers
14794,3,7,1319.91,188.55857142857144,VIP Customers
14795,166,1,131.45000000000002,131.45000000000002,At-Risk Customers
14796,1,17,7973.93,469.05470588235295,VIP Customers
14798,53,3,173.74,57.913333333333334,At-Risk Customers
14799,51,1,157.7,157.7,At-Risk Customers
14800,48,12,4331.79,360.9825,VIP Customers
14801,61,1,189.34,189.34,At-Risk Customers
14803,162,3,845.55,281.84999999999997,Loyal Customers
14804,9,1,353.27,353.27,Potential Customers
14805,15,4,546.4,136.6,Potential Customers
14806,75,1,193.39000000000001,193.39000000000001,At-Risk Customers
14808,40,8,2718.6,339.825,Loyal Customers
14810,41,11,2085.33,189.57545454545453,VIP Customers
14813,370,2,152.88,76.44,At-Risk Customers
14815,37,2,778.5,389.25,Potential Customers
14816,197,1,271.85,271.85,At-Risk Customers
14817,200,2,1110.34,555.17,At-Risk Customers
14818,74,3,657.8,219.26666666666665,Loyal Customers
14819,64,2,272.07,136.035,At-Risk Customers
14820,21,4,507.29,126.8225,Potential Customers
14821,367,1,48.800000000000004,48.800000000000004,At-Risk Customers
14823,180,3,321.43,107.14333333333333,At-Risk Customers
14824,10,4,1127.71,281.9275,Potential Customers
14825,4,12,2221.01,185.08416666666668,VIP Customers
14828,197,3,2139.76,713.2533333333334,Loyal Customers
14829,29,4,697.55,174.3875,Loyal Customers
14830,53,1,188.03,188.03,At-Risk Customers
14834,18,6,1720.3,286.71666666666664,Loyal Customers
14836,10,3,102.44999999999999,34.15,Potential Customers
14837,90,4,1649.5,412.375,Loyal Customers
14840,268,1,62.85,62.85,At-Risk Customers
14841,53,6,3295.76,549.2933333333334,Loyal Customers
14842,44,4,2824.69,706.1725,Loyal Customers
14844,64,4,3189.81,797.4525,Loyal Customers
14847,149,1,309.4,309.4,At-Risk Customers
14849,22,25,7930.54,317.2216,VIP Customers
14850,312,1,325.75,325.75,At-Risk Customers
14851,23,2,511.35,255.675,Potential Customers
14852,58,6,2836.69,472.7816666666667,Loyal Customers
14853,24,2,475.8,237.9,Potential Customers
14854,78,7,2740.03,391.4328571428572,Loyal Customers
14855,119,2,645.65,322.825,At-Risk Customers
14856,36,3,1290.53,430.1766666666667,Loyal Customers
14857,60,2,1173.12,586.56,Loyal Customers
14859,13,4,1353.74,338.435,Loyal Customers
14860,19,1,170.32,170.32,Potential Customers
14861,52,1,125.79,125.79,At-Risk Customers
14862,26,2,841.1999999999999,420.59999999999997,Potential Customers
14863,29,1,266.76,266.76,Potential Customers
14865,7,2,52.2,26.1,Potential Customers
14866,11,11,14353.4,1304.8545454545454,VIP Customers
14867,186,3,710.28,236.76,At-Risk Customers
14868,3,8,2953.59,369.19875,VIP Customers
14869,9,2,721.45,360.725,Potential Customers
14870,262,1,327.25,327.25,At-Risk Customers
14871,3,4,501.28000000000003,125.32000000000001,Potential Customers
14873,210,1,519.68,519.68,At-Risk Customers
14875,108,2,1465.3200000000002,732.6600000000001,Loyal Customers
14878,13,9,1476.09,164.01,VIP Customers
14880,77,3,690.59,230.1966666666667,Loyal Customers
14881,20,1,255.4,255.4,Potential Customers
14882,27,2,589.7,294.85,Potential Customers
14883,19,6,761.59,126.93166666666667,Loyal Customers
14885,132,1,765.3199999999999,765.3199999999999,At-Risk Customers
14886,253,1,364.8,364.8,At-Risk Customers
14887,79,1,1862.0,1862.0,Loyal Customers
14888,207,1,369.2,369.2,At-Risk Customers
14889,336,1,135.9,135.9,At-Risk Customers
14890,254,1,125.65,125.65,At-Risk Customers
14891,148,2,554.38,277.19,At-Risk Customers
14893,10,2,1237.8500000000001,618.9250000000001,Potential Customers
14894,85,1,655.75,655.75,At-Risk Customers
14895,8,20,11138.710000000001,556.9355,VIP Customers
14896,205,2,468.77000000000004,234.38500000000002,At-Risk Customers
14897,8,4,1366.38,341.595,Potential Customers
14898,23,6,1269.31,211.55166666666665,Loyal Customers
14901,11,9,1421.29,157.92111111111112,VIP Customers
14902,26,1,332.66,332.66,Potential Customers
14903,21,5,2795.33,559.066,Loyal Customers
14904,2,2,1025.44,512.72,Potential Customers
14905,158,2,616.15,308.075,At-Risk Customers
14907,3,7,3501.1,500.15714285714284,VIP Customers
14908,74,1,277.8,277.8,At-Risk Customers
14910,3,4,434.35,108.5875,Potential Customers
14911,1,199,140336.83,705.210201005025,VIP Customers
14912,17,2,867.85,433.925,Potential Customers
14913,36,4,1227.43,306.8575,Loyal Customers
14915,91,2,307.48,153.74,At-Risk Customers
14916,71,4,1268.98,317.245,Loyal Customers
14918,116,2,1610.15,805.075,Loyal Customers
14920,213,2,977.77,488.885,At-Risk Customers
14921,30,2,1316.07,658.035,Loyal Customers
14923,51,1,749.1,749.1,At-Risk Customers
14924,246,1,310.05,310.05,At-Risk Customers
14929,32,1,223.88,223.88,Potential Customers
14930,109,3,2362.96,787.6533333333333,Loyal Customers
14931,5,4,964.6800000000001,241.17000000000002,Potential Customers
14932,366,1,363.53,363.53,At-Risk Customers
14934,82,2,1890.94,945.47,Loyal Customers
14935,297,1,1784.71,1784.71,At-Risk Customers
14936,34,8,8137.02,1017.1275,VIP Customers
14937,57,3,1621.88,540.6266666666667,Loyal Customers
14944,30,12,5900.25,491.6875,VIP Customers
14946,14,1,100.9,100.9,Potential Customers
14947,72,2,290.82,145.41,At-Risk Customers
14948,23,6,1101.97,183.66166666666666,Loyal Customers
14950,19,1,371.2,371.2,Potential Customers
14951,79,1,311.69,311.69,At-Risk Customers
14952,60,11,8099.49,736.3172727272727,VIP Customers
14953,25,1,285.67,285.67,Potential Customers
14954,12,1,294.85,294.85,Potential Customers
14957,253,1,58.49,58.49,At-Risk Customers
14958,147,3,483.72999999999996,161.2433333333333,At-Risk Customers
14959,64,4,695.42,173.855,Loyal Customers
14960,8,2,221.27,110.635,Potential Customers
14961,11,9,7044.68,782.7422222222223,VIP Customers
14962,271,1,126.7,126.7,At-Risk Customers
14963,10,5,1472.34,294.46799999999996,Loyal Customers
14964,247,1,206.21,206.21,At-Risk Customers
14965,96,2,596.09,298.045,At-Risk Customers
14966,15,1,183.02,183.02,Potential Customers
14967,50,1,463.8,463.8,At-Risk Customers
14968,30,1,147.59,147.59,Potential Customers
14970,68,4,1592.06,398.015,Loyal Customers
14971,35,3,1097.98,365.99333333333334,Loyal Customers
14972,128,1,114.77,114.77,At-Risk Customers
14973,107,3,1314.45,438.15000000000003,Loyal Customers
14974,37,1,89.94,89.94,At-Risk Customers
14975,57,1,279.94,279.94,At-Risk Customers
14976,57,6,774.86,129.14333333333335,Loyal Customers
14978,72,5,1921.3700000000001,384.274,Loyal Customers
14981,246,1,102.12,102.12,At-Risk Customers
14984,19,2,202.37,101.185,Potential Customers
14985,198,2,292.01,146.005,At-Risk Customers
14987,16,2,326.4,163.2,Potential Customers
14988,212,1,334.54,334.54,At-Risk Customers
14995,39,2,231.98000000000002,115.99000000000001,Potential Customers
14997,46,3,546.1999999999999,182.06666666666663,Loyal Customers
14998,170,2,414.87,207.435,At-Risk Customers
15000,48,1,490.52,490.52,At-Risk Customers
15002,116,4,1641.76,410.44,Loyal Customers
15004,147,1,1220.38,1220.38,At-Risk Customers
15005,16,28,6293.67,224.77392857142857,VIP Customers
15006,51,1,475.43,475.43,At-Risk Customers
15007,159,1,156.91,156.91,At-Risk Customers
15009,12,3,1259.43,419.81,Potential Customers
15010,36,1,308.94,308.94,Potential Customers
15012,54,2,405.04,202.52,At-Risk Customers
15014,43,2,257.67,128.835,Potential Customers
15016,173,1,170.04,170.04,At-Risk Customers
15017,34,1,125.58,125.58,At-Risk Customers
15018,39,3,496.21000000000004,165.40333333333334,Potential Customers
15019,267,1,252.81,252.81,At-Risk Customers
15021,9,9,1871.77,207.97444444444443,VIP Customers
15022,12,4,852.39,213.0975,Potential Customers
15023,3,11,6701.51,609.2281818181818,VIP Customers
15024,10,10,1636.43,163.643,VIP Customers
15025,33,1,361.96,361.96,Potential Customers
15026,80,3,464.2,154.73333333333332,Loyal Customers
15027,31,4,1066.1499999999999,266.53749999999997,Loyal Customers
15028,8,4,627.13,156.7825,Potential Customers
15030,72,2,518.28,259.14,At-Risk Customers
15031,4,4,653.19,163.2975,Potential Customers
15032,256,3,4959.1,1653.0333333333335,Loyal Customers
15033,5,10,2553.88,255.388,VIP Customers
15034,16,8,4274.16,534.27,VIP Customers
15035,90,1,252.73000000000002,252.73000000000002,At-Risk Customers
15036,72,3,429.56,143.18666666666667,Loyal Customers
15038,59,6,685.74,114.29,Loyal Customers
15039,10,47,19766.59,420.5657446808511,VIP Customers
15041,170,1,179.93,179.93,At-Risk Customers
15042,199,1,135.93,135.93,At-Risk Customers
15043,31,1,537.0,537.0,Potential Customers
15044,19,17,7634.7300000000005,449.1017647058824,VIP Customers
15045,152,2,735.66,367.83,At-Risk Customers
15046,9,15,5071.47,338.098,VIP Customers
15047,270,1,343.62,343.62,At-Risk Customers
15048,65,4,381.0,95.25,Loyal Customers
15049,274,1,121.17000000000002,121.17000000000002,At-Risk Customers
15050,25,3,1737.69,579.23,Loyal Customers
15051,23,3,1383.3600000000001,461.12000000000006,Loyal Customers
15052,319,1,207.73000000000002,207.73000000000002,At-Risk Customers
15053,5,3,693.95,231.3166666666667,Potential Customers
15054,12,2,302.1,151.05,Potential Customers
15057,275,2,1489.5,744.75,Loyal Customers
15058,25,11,2102.54,191.14,VIP Customers
15059,41,9,1337.72,148.63555555555556,Loyal Customers
15060,8,4,293.0,73.25,Potential Customers
15061,4,48,54534.14,1136.1279166666666,VIP Customers
15062,71,4,987.86,246.965,Loyal Customers
15063,213,1,370.79999999999995,370.79999999999995,At-Risk Customers
15065,38,4,3158.13,789.5325,Loyal Customers
15066,53,1,893.59,893.59,At-Risk Customers
15067,78,3,1744.76,581.5866666666667,Loyal Customers
15068,46,2,553.36,276.68,Potential Customers
15069,179,1,1109.53,1109.53,At-Risk Customers
15070,373,1,106.2,106.2,At-Risk Customers
15071,94,2,982.07,491.035,Loyal Customers
15073,10,3,1043.41,347.80333333333334,Potential Customers
15074,105,1,735.67,735.67,At-Risk Customers
15075,78,1,773.03,773.03,At-Risk Customers
15076,173,1,880.85,880.85,At-Risk Customers
15078,7,32,9743.11,304.4721875,VIP Customers
15079,213,4,895.61,223.9025,Loyal Customers
15081,22,5,504.8,100.96000000000001,Loyal Customers
15083,257,1,88.2,88.2,At-Risk Customers
15087,282,1,306.94,306.94,At-Risk Customers
15088,21,2,1160.07,580.035,Potential Customers
15089,10,6,2420.84,403.47333333333336,VIP Customers
15090,308,1,381.32,381.32,At-Risk Customers
15091,68,1,480.71,480.71,At-Risk Customers
15092,215,2,457.81,228.905,At-Risk Customers
15093,18,6,4597.02,766.1700000000001,VIP Customers
15095,104,4,1370.6,342.65,Loyal Customers
15096,43,1,219.39000000000001,219.39000000000001,At-Risk Customers
15097,4,1,248.08,248.08,Potential Customers
15098,182,3,39916.5,13305.5,Loyal Customers
15099,84,1,410.48,410.48,At-Risk Customers
15100,334,3,876.0,292.0,At-Risk Customers
15101,9,2,317.53,158.765,Potential Customers
15103,31,2,703.36,351.68,Potential Customers
15104,197,2,993.54,496.77,At-Risk Customers
15105,18,7,2298.93,328.4185714285714,VIP Customers
15106,18,5,1422.52,284.504,Loyal Customers
15107,311,6,319.5,53.25,At-Risk Customers
15108,142,3,1159.25,386.4166666666667,Loyal Customers
15109,246,1,484.95,484.95,At-Risk Customers
15110,24,4,996.1,249.025,Loyal Customers
15111,29,3,1567.48,522.4933333333333,Loyal Customers
15113,10,3,3509.04,1169.68,Loyal Customers
15114,30,10,2760.56,276.056,VIP Customers
15115,18,1,340.11,340.11,Potential Customers
15116,18,4,1352.75,338.1875,Loyal Customers
15117,15,5,1551.78,310.356,Loyal Customers
15118,134,1,244.8,244.8,At-Risk Customers
15119,246,1,266.4,266.4,At-Risk Customers
15120,134,1,358.82,358.82,At-Risk Customers
15121,50,2,457.72,228.86,Potential Customers
15122,114,3,1633.78,544.5933333333334,Loyal Customers
15123,7,2,2199.31,1099.655,Potential Customers
15124,23,2,184.19,92.095,Potential Customers
15125,25,15,11528.48,768.5653333333333,VIP Customers
15127,66,1,406.53,406.53,At-Risk Customers
15128,60,4,1471.0,367.75,Loyal Customers
15129,50,11,3447.4,313.40000000000003,VIP Customers
15130,170,1,330.11,330.11,At-Risk Customers
15132,18,5,977.9300000000001,195.586,Loyal Customers
15133,128,3,982.42,327.4733333333333,Loyal Customers
15134,15,8,1387.99,173.49875,VIP Customers
15135,239,1,139.05,139.05,At-Risk Customers
15136,3,4,1286.7,321.675,Potential Customers
15139,240,2,178.96,89.48,At-Risk Customers
15140,52,7,2354.25,336.32142857142856,Loyal Customers
15142,46,1,498.74,498.74,Potential Customers
15143,226,1,259.45,259.45,At-Risk Customers
15144,8,17,6580.44,387.0847058823529,VIP Customers
15145,4,4,1194.73,298.6825,Potential Customers
15146,165,2,1327.16,663.58,Loyal Customers
15147,240,1,623.5,623.5,At-Risk Customers
15148,11,1,301.29,301.29,Potential Customers
15149,134,1,520.8000000000001,520.8000000000001,At-Risk Customers
15150,17,10,5291.33,529.133,VIP Customers
15152,10,13,4745.69,365.0530769230769,VIP Customers
15153,31,1,329.25,329.25,Potential Customers
15154,75,1,254.28,254.28,At-Risk Customers
15156,1,3,961.49,320.49666666666667,Potential Customers
15157,4,3,1936.07,645.3566666666667,Potential Customers
15158,45,1,401.40000000000003,401.40000000000003,At-Risk Customers
15159,2,30,18641.010000000002,621.3670000000001,VIP Customers
15160,357,1,158.16,158.16,At-Risk Customers
15163,18,2,304.47,152.235,Potential Customers
15164,69,3,824.58,274.86,Loyal Customers
15165,373,1,487.75,487.75,At-Risk Customers
15167,321,1,158.8,158.8,At-Risk Customers
15168,26,1,106.56,106.56,Potential Customers
15171,331,1,1289.5,1289.5,At-Risk Customers
15172,9,5,1624.05,324.81,Loyal Customers
15174,323,1,135.75,135.75,At-Risk Customers
15175,72,1,224.14,224.14,At-Risk Customers
15178,260,1,40.5,40.5,At-Risk Customers
15179,18,5,2206.95,441.39,Loyal Customers
15180,367,1,87.5,87.5,At-Risk Customers
15181,66,3,689.4799999999999,229.82666666666663,Loyal Customers
15182,154,2,622.85,311.425,At-Risk Customers
15184,29,2,402.2,201.1,Potential Customers
15185,70,1,310.62,310.62,At-Risk Customers
15186,14,2,411.41,205.705,Potential Customers
15187,2,15,4762.18,317.4786666666667,VIP Customers
15189,1,41,16225.39,395.74121951219513,VIP Customers
15192,120,3,1044.32,348.1066666666666,Loyal Customers
15193,61,1,499.32,499.32,At-Risk Customers
15194,3,15,7616.53,507.76866666666666,VIP Customers
15195,3,1,3861.0,3861.0,Potential Customers
15197,11,3,1079.6100000000001,359.87000000000006,Potential Customers
15198,92,2,193.64,96.82,At-Risk Customers
15199,59,4,1268.7,317.175,Loyal Customers
15201,87,5,1236.54,247.308,Loyal Customers
15203,26,6,1827.8,304.6333333333333,Loyal Customers
15204,357,1,316.58,316.58,At-Risk Customers
15205,85,2,653.24,326.62,At-Risk Customers
15206,10,4,420.29999999999995,105.07499999999999,Potential Customers
15208,1,5,870.12,174.024,Potential Customers
15210,225,1,331.18,331.18,At-Risk Customers
15211,60,2,894.4100000000001,447.20500000000004,Loyal Customers
15212,241,1,101.8,101.8,At-Risk Customers
15213,319,2,328.35,164.175,At-Risk Customers
15214,2,8,1661.44,207.68,VIP Customers
15215,47,3,734.94,244.98000000000002,Loyal Customers
15216,88,1,96.6,96.6,At-Risk Customers
15218,11,11,5756.89,523.3536363636364,VIP Customers
15219,176,1,305.75,305.75,At-Risk Customers
15220,52,6,1778.96,296.49333333333334,Loyal Customers
15221,366,1,403.25,403.25,At-Risk Customers
15222,319,1,585.0,585.0,At-Risk Customers
15223,226,2,755.75,377.875,At-Risk Customers
15224,358,2,322.08,161.04,At-Risk Customers
15225,234,1,409.40000000000003,409.40000000000003,At-Risk Customers
15226,311,1,154.41,154.41,At-Risk Customers
15227,37,5,1219.4,243.88000000000002,Loyal Customers
15228,66,4,3386.71,846.6775,Loyal Customers
15230,239,2,429.6,214.8,At-Risk Customers
15232,113,2,612.06,306.03,At-Risk Customers
15234,277,1,197.0,197.0,At-Risk Customers
15235,218,12,2247.51,187.29250000000002,Loyal Customers
15236,299,1,321.05,321.05,At-Risk Customers
15237,2,4,1412.32,353.08,Potential Customers
15238,29,3,1071.99,357.33,Loyal Customers
15239,10,2,780.59,390.295,Potential Customers
15240,45,5,1706.57,341.31399999999996,Loyal Customers
15241,67,8,1756.44,219.555,Loyal Customers
15243,74,1,316.68,316.68,At-Risk Customers
15244,65,2,631.57,315.785,Loyal Customers
15245,134,3,2515.84,838.6133333333333,Loyal Customers
15246,238,2,514.15,257.075,At-Risk Customers
15247,122,1,356.0,356.0,At-Risk Customers
15249,32,13,6688.46,514.496923076923,VIP Customers
15251,9,11,10484.99,953.180909090909,VIP Customers
15252,36,2,740.78,370.39,Potential Customers
15253,16,5,918.1999999999999,183.64,Loyal Customers
15254,127,1,300.36,300.36,At-Risk Customers
15255,67,1,890.85,890.85,At-Risk Customers
15256,149,1,98.45,98.45,At-Risk Customers
15257,283,1,317.15,317.15,At-Risk Customers
15258,169,2,623.16,311.58,At-Risk Customers
15260,100,7,1810.77,258.68142857142857,Loyal Customers
15261,135,1,254.82,254.82,At-Risk Customers
15262,324,1,178.95000000000002,178.95000000000002,At-Risk Customers
15263,107,1,156.51,156.51,At-Risk Customers
15264,64,1,393.74,393.74,At-Risk Customers
15265,151,2,1506.1200000000001,753.0600000000001,Loyal Customers
15266,338,1,119.3,119.3,At-Risk Customers
15267,22,5,1717.36,343.472,Loyal Customers
15269,24,1,408.8,408.8,Potential Customers
15270,16,7,2379.49,339.9271428571428,VIP Customers
15271,7,15,2493.34,166.22266666666667,VIP Customers
15272,57,2,721.94,360.97,Loyal Customers
15274,4,2,716.57,358.285,Potential Customers
15275,38,1,615.14,615.14,Potential Customers
15276,66,1,128.63,128.63,At-Risk Customers
15277,47,1,255.89999999999998,255.89999999999998,At-Risk Customers
15279,355,1,290.51,290.51,At-Risk Customers
15280,172,1,113.12,113.12,At-Risk Customers
15281,59,9,2332.15,259.1277777777778,Loyal Customers
15286,50,1,240.55,240.55,At-Risk Customers
15287,22,2,486.69,243.345,Potential Customers
15288,43,5,2306.52,461.304,Loyal Customers
15289,29,3,939.78,313.26,Loyal Customers
15290,5,18,7943.22,441.29,VIP Customers
15291,26,14,4623.3,330.2357142857143,VIP Customers
15292,201,1,178.39,178.39,At-Risk Customers
15296,51,6,3672.86,612.1433333333333,Loyal Customers
15297,10,3,641.94,213.98000000000002,Potential Customers
15298,2,12,4799.9,399.9916666666666,VIP Customers
15299,67,6,3907.01,651.1683333333334,Loyal Customers
15300,64,1,496.44,496.44,At-Risk Customers
15301,51,12,5049.95,420.82916666666665,VIP Customers
15303,290,1,574.02,574.02,At-Risk Customers
15304,61,8,694.4000000000001,86.80000000000001,Loyal Customers
15306,64,3,1174.35,391.45,Loyal Customers
15307,96,1,205.3,205.3,At-Risk Customers
15308,274,1,310.47,310.47,At-Risk Customers
15311,1,91,60632.75,666.2939560439561,VIP Customers
15312,75,4,924.85,231.2125,Loyal Customers
15313,110,1,52.0,52.0,At-Risk Customers
15314,199,1,327.97,327.97,At-Risk Customers
15315,64,2,570.5,285.25,At-Risk Customers
15316,327,1,165.0,165.0,At-Risk Customers
15318,4,1,312.62,312.62,Potential Customers
15319,284,1,204.5,204.5,At-Risk Customers
15320,44,1,267.13,267.13,At-Risk Customers
15321,71,3,2748.31,916.1033333333334,Loyal Customers
15322,86,1,679.68,679.68,At-Risk Customers
15325,104,1,161.74,161.74,At-Risk Customers
15326,334,1,311.71,311.71,At-Risk Customers
15327,53,1,208.75,208.75,At-Risk Customers
15329,39,3,1049.7,349.90000000000003,Loyal Customers
15330,32,2,714.96,357.48,Potential Customers
15332,366,4,1661.06,415.265,Loyal Customers
15333,208,1,1028.56,1028.56,At-Risk Customers
15334,157,3,347.87,115.95666666666666,At-Risk Customers
15335,54,1,170.22,170.22,At-Risk Customers
15339,66,2,574.07,287.035,At-Risk Customers
15341,81,1,2020.52,2020.52,Loyal Customers
15342,130,1,406.09,406.09,At-Risk Customers
15343,87,1,364.5,364.5,At-Risk Customers
15344,1,3,563.94,187.98000000000002,Potential Customers
15345,46,1,393.54,393.54,At-Risk Customers
15346,333,1,252.42000000000002,252.42000000000002,At-Risk Customers
15347,366,1,201.60000000000002,201.60000000000002,At-Risk Customers
15348,72,1,158.04,158.04,At-Risk Customers
15349,158,2,463.90999999999997,231.95499999999998,At-Risk Customers
15350,373,1,115.65,115.65,At-Risk Customers
15351,12,7,1934.66,276.38,VIP Customers
15353,255,2,770.12,385.06,At-Risk Customers
15355,29,2,277.05,138.525,Potential Customers
15356,31,10,2718.03,271.803,VIP Customers
15358,5,22,8347.2,379.41818181818184,VIP Customers
15360,40,1,427.93,427.93,Potential Customers
15361,362,1,418.92,418.92,At-Risk Customers
15363,373,1,326.0,326.0,At-Risk Customers
15364,96,2,913.19,456.595,Loyal Customers
15365,26,7,2314.32,330.6171428571429,Loyal Customers
15366,75,2,602.51,301.255,At-Risk Customers
15367,57,4,1877.59,469.3975,Loyal Customers
15368,21,1,446.94000000000005,446.94000000000005,Potential Customers
15370,41,7,2386.05,340.86428571428576,Loyal Customers
15372,137,1,2007.3999999999999,2007.3999999999999,Loyal Customers
15373,8,12,2415.91,201.32583333333332,VIP Customers
15374,129,1,168.0,168.0,At-Risk Customers
15376,40,3,1221.56,407.18666666666667,Loyal Customers
15379,169,7,3703.29,529.0414285714286,Loyal Customers
15380,9,5,1690.2600000000002,338.052,Loyal Customers
15381,214,2,596.85,298.425,At-Risk Customers
15382,15,6,5955.71,992.6183333333333,VIP Customers
15384,170,2,642.41,321.205,At-Risk Customers
15385,40,1,316.88,316.88,Potential Customers
15386,186,1,394.14,394.14,At-Risk Customers
15388,270,1,140.54,140.54,At-Risk Customers
15389,172,1,500.0,500.0,At-Risk Customers
15392,5,4,1535.53,383.8825,Potential Customers
15393,16,2,231.86,115.93,Potential Customers
15394,10,4,2183.54,545.885,Loyal Customers
15395,326,1,107.45,107.45,At-Risk Customers
15396,113,1,288.18,288.18,At-Risk Customers
15397,290,1,94.0,94.0,At-Risk Customers
15398,16,2,1345.53,672.765,Potential Customers
15399,1,3,815.77,271.92333333333335,Potential Customers
15400,92,5,716.2,143.24,Loyal Customers
15402,149,2,626.35,313.175,At-Risk Customers
15405,189,1,349.1,349.1,At-Risk Customers
15406,31,2,510.71000000000004,255.35500000000002,Potential Customers
15407,34,4,1046.74,261.685,Loyal Customers
15408,264,1,267.18,267.18,At-Risk Customers
15410,84,8,3450.84,431.355,Loyal Customers
15411,26,4,1348.93,337.2325,Loyal Customers
15412,171,1,190.53,190.53,At-Risk Customers
15414,10,3,774.9000000000001,258.3,Potential Customers
15415,313,1,559.61,559.61,At-Risk Customers
15416,65,4,3984.32,996.08,Loyal Customers
15417,85,1,508.8,508.8,At-Risk Customers
15419,25,1,135.86,135.86,Potential Customers
15421,59,4,950.36,237.59,Loyal Customers
15422,323,2,97.7,48.85,At-Risk Customers
15423,38,1,43.5,43.5,At-Risk Customers
15424,254,2,383.34,191.67,At-Risk Customers
15426,19,5,1404.07,280.81399999999996,Loyal Customers
15427,33,3,1430.54,476.84666666666664,Loyal Customers
15428,15,1,93.78,93.78,Potential Customers
15429,27,2,397.35,198.675,Potential Customers
15432,23,1,171.19,171.19,Potential Customers
15433,214,2,533.3,266.65,At-Risk Customers
15434,8,5,1041.48,208.296,Potential Customers
15435,22,1,149.29,149.29,Potential Customers
15436,12,3,1067.75,355.9166666666667,Potential Customers
15437,262,1,200.16,200.16,At-Risk Customers
15438,131,1,156.57999999999998,156.57999999999998,At-Risk Customers
15440,55,3,383.68,127.89333333333333,Potential Customers
15442,249,1,594.0,594.0,At-Risk Customers
15443,2,7,3213.59,459.0842857142857,VIP Customers
15444,9,2,1411.21,705.605,Potential Customers
15445,264,1,113.5,113.5,At-Risk Customers
15447,331,1,155.17,155.17,At-Risk Customers
15448,313,1,494.64,494.64,At-Risk Customers
15449,26,3,974.52,324.84,Loyal Customers
15450,30,1,429.84,429.84,Potential Customers
15452,30,3,528.48,176.16,Potential Customers
15453,2,7,1371.77,195.96714285714285,VIP Customers
15454,362,1,179.1,179.1,At-Risk Customers
15456,283,3,434.59000000000003,144.86333333333334,At-Risk Customers
15457,262,1,237.07,237.07,At-Risk Customers
15458,25,1,161.64,161.64,Potential Customers
15460,354,1,214.26,214.26,At-Risk Customers
15462,94,3,234.6,78.2,At-Risk Customers
15463,29,1,126.14,126.14,Potential Customers
15464,338,1,1044.65,1044.65,At-Risk Customers
15465,20,18,7354.62,408.59,VIP Customers
15466,85,1,334.53,334.53,At-Risk Customers
15467,9,3,524.88,174.96,Potential Customers
15468,51,2,467.51,233.755,Potential Customers
15469,50,2,538.55,269.275,Potential Customers
15471,2,1,454.48,454.48,Potential Customers
15472,113,1,371.56,371.56,At-Risk Customers
15473,14,7,1771.2,253.02857142857144,VIP Customers
15475,77,1,454.10999999999996,454.10999999999996,At-Risk Customers
15478,40,2,1399.92,699.96,Loyal Customers
15480,116,1,905.5,905.5,At-Risk Customers
15482,16,11,10839.76,985.4327272727273,VIP Customers
15483,161,4,225.26,56.315,At-Risk Customers
15484,1,4,3590.41,897.6025,VIP Customers
15485,30,3,2564.5,854.8333333333334,Loyal Customers
15488,93,1,91.32000000000001,91.32000000000001,At-Risk Customers
15489,23,3,1134.28,378.0933333333333,Loyal Customers
15491,95,6,3100.09,516.6816666666667,Loyal Customers
15492,28,2,659.4599999999999,329.72999999999996,Potential Customers
15493,33,5,1953.41,390.682,Loyal Customers
15494,21,2,1280.58,640.29,Potential Customers
15497,18,2,1262.2,631.1,Potential Customers
15498,3,27,13316.4,493.2,VIP Customers
15500,8,4,1131.56,282.89,Potential Customers
15502,16,10,6923.98,692.3979999999999,VIP Customers
15503,363,1,141.04,141.04,At-Risk Customers
15504,81,1,52.83,52.83,At-Risk Customers
15505,53,5,3610.96,722.192,Loyal Customers
15506,23,3,972.08,324.0266666666667,Loyal Customers
15507,172,1,475.86,475.86,At-Risk Customers
15508,189,6,1000.27,166.71166666666667,Loyal Customers
15510,331,1,250.0,250.0,At-Risk Customers
15511,12,5,900.53,180.106,Loyal Customers
15512,156,2,121.0,60.5,At-Risk Customers
15513,33,19,14758.220000000001,776.7484210526317,VIP Customers
15514,12,11,4023.7200000000003,365.7927272727273,VIP Customers
15516,45,3,62.43,20.81,At-Risk Customers
15517,233,1,267.03,267.03,At-Risk Customers
15518,64,8,1921.55,240.19375,Loyal Customers
15520,2,1,343.5,343.5,Potential Customers
15521,40,8,3000.2,375.025,Loyal Customers
15522,33,2,397.99,198.995,Potential Customers
15523,84,1,412.01000000000005,412.01000000000005,At-Risk Customers
15524,25,1,440.0,440.0,Potential Customers
15525,2,3,731.87,243.95666666666668,Potential Customers
15526,33,2,148.44,74.22,Potential Customers
15527,19,8,2428.53,303.56625,VIP Customers
15528,254,1,229.33,229.33,At-Risk Customers
15529,23,11,3960.05,360.00454545454545,VIP Customers
15530,22,4,1497.31,374.3275,Loyal Customers
15531,8,2,1972.39,986.195,Potential Customers
15532,25,4,1554.83,388.7075,Loyal Customers
15533,19,3,807.57,269.19,Potential Customers
15535,173,4,502.9,125.725,Loyal Customers
15537,163,1,110.92,110.92,At-Risk Customers
15539,7,1,538.46,538.46,Potential Customers
15540,11,1,213.3,213.3,Potential Customers
15541,114,1,85.13000000000001,85.13000000000001,At-Risk Customers
15543,288,1,127.86,127.86,At-Risk Customers
15544,9,9,3546.71,394.0788888888889,VIP Customers
15545,54,2,288.96999999999997,144.48499999999999,At-Risk Customers
15547,7,14,4910.6,350.75714285714287,VIP Customers
15549,77,3,1677.71,559.2366666666667,Loyal Customers
15550,4,4,575.63,143.9075,Potential Customers
15551,37,1,436.06,436.06,Potential Customers
15552,217,1,90.12,90.12,At-Risk Customers
15553,60,1,428.93,428.93,At-Risk Customers
15554,278,1,217.2,217.2,At-Risk Customers
15555,12,16,4791.87,299.491875,VIP Customers
15556,24,1,279.77,279.77,Potential Customers
15557,29,1,468.91,468.91,Potential Customers
15561,12,4,800.59,200.1475,Potential Customers
15562,352,1,134.55,134.55,At-Risk Customers
15563,22,3,1361.44,453.81333333333333,Loyal Customers
15565,50,2,173.16,86.58,At-Risk Customers
15567,19,1,186.01,186.01,Potential Customers
15568,3,3,758.29,252.76333333333332,Potential Customers
15569,104,5,1375.71,275.142,Loyal Customers
15570,7,12,4148.82,345.73499999999996,VIP Customers
15571,12,4,650.4300000000001,162.60750000000002,Potential Customers
15572,5,7,2533.42,361.9171428571429,VIP Customers
15573,32,2,583.24,291.62,Potential Customers
15574,178,4,675.64,168.91,Loyal Customers
15576,38,1,921.37,921.37,Potential Customers
15577,151,3,258.88,86.29333333333334,At-Risk Customers
15578,162,1,127.1,127.1,At-Risk Customers
15579,69,2,327.6,163.8,At-Risk Customers
15581,156,10,717.4300000000001,71.74300000000001,Loyal Customers
15582,25,3,682.9100000000001,227.63666666666668,Potential Customers
15584,24,4,720.86,180.215,Loyal Customers
15585,177,1,455.3,455.3,At-Risk Customers
15587,50,4,913.6800000000001,228.42000000000002,Loyal Customers
15589,256,3,478.53000000000003,159.51000000000002,At-Risk Customers
15592,47,1,388.58,388.58,At-Risk Customers
15593,71,1,199.8,199.8,At-Risk Customers
15594,16,5,1771.78,354.356,Loyal Customers
15596,101,5,1406.59,281.318,Loyal Customers
15597,35,1,324.57,324.57,Potential Customers
15598,53,1,240.68,240.68,At-Risk Customers
15599,27,2,761.74,380.87,Potential Customers
15601,11,14,6776.56,484.04,VIP Customers
15602,8,9,1297.8700000000001,144.20777777777778,VIP Customers
15603,79,1,48.480000000000004,48.480000000000004,At-Risk Customers
15604,52,1,216.39,216.39,At-Risk Customers
15605,36,5,1198.23,239.64600000000002,Loyal Customers
15606,61,9,2920.16,324.4622222222222,Loyal Customers
15607,337,1,104.76,104.76,At-Risk Customers
15608,28,4,1093.68,273.42,Loyal Customers
15609,184,1,298.48,298.48,At-Risk Customers
15610,52,1,112.46000000000001,112.46000000000001,At-Risk Customers
15611,10,11,1570.45,142.76818181818183,VIP Customers
15612,36,2,195.15,97.575,Potential Customers
15615,10,23,10399.74,452.1626086956522,VIP Customers
15618,33,4,776.851,194.21275,Loyal Customers
15619,11,1,336.40000000000003,336.40000000000003,Potential Customers
15620,57,3,1553.18,517.7266666666667,Loyal Customers
15621,4,4,1293.03,323.2575,Potential Customers
15622,43,9,3709.56,412.17333333333335,VIP Customers
15623,141,1,301.03,301.03,At-Risk Customers
15624,117,4,588.13,147.0325,Loyal Customers
15625,104,4,1534.26,383.565,Loyal Customers
15626,75,2,675.8,337.9,Loyal Customers
15628,5,9,2870.2400000000002,318.91555555555556,VIP Customers
15630,45,2,1186.35,593.175,Loyal Customers
15632,16,8,3285.31,410.66375,VIP Customers
15634,17,1,243.55,243.55,Potential Customers
15636,90,2,724.76,362.38,At-Risk Customers
15637,53,1,223.36,223.36,At-Risk Customers
15639,134,1,425.32,425.32,At-Risk Customers
15640,4,15,12416.11,827.7406666666667,VIP Customers
15641,105,4,1887.2,471.8,Loyal Customers
15643,192,3,664.0,221.33333333333334,At-Risk Customers
15644,166,4,803.54,200.885,Loyal Customers
15645,19,1,611.59,611.59,Potential Customers
15646,158,3,447.64000000000004,149.21333333333334,At-Risk Customers
15648,204,2,639.5,319.75,At-Risk Customers
15649,336,2,816.0,408.0,At-Risk Customers
15651,37,3,646.3,215.4333333333333,Loyal Customers
15652,91,1,337.74,337.74,At-Risk Customers
15653,93,2,877.4399999999999,438.71999999999997,Loyal Customers
15654,9,2,922.53,461.265,Potential Customers
15655,243,1,560.67,560.67,At-Risk Customers
15656,45,4,748.5,187.125,Loyal Customers
15657,23,1,30.0,30.0,Potential Customers
15658,190,5,1024.1000000000001,204.82000000000002,Loyal Customers
15659,44,1,306.45,306.45,At-Risk Customers
15660,25,9,1600.86,177.87333333333333,Loyal Customers
15661,317,2,309.8,154.9,At-Risk Customers
15663,106,1,138.14,138.14,At-Risk Customers
15664,51,1,386.43,386.43,At-Risk Customers
15665,168,2,2222.21,1111.105,Loyal Customers
15667,40,1,301.32,301.32,Potential Customers
15668,218,1,76.32000000000001,76.32000000000001,At-Risk Customers
15669,40,4,684.34,171.085,Loyal Customers
15670,297,1,173.05,173.05,At-Risk Customers
15671,19,7,2657.13,379.59000000000003,VIP Customers
15673,88,4,2726.23,681.5575,Loyal Customers
15674,73,4,2111.89,527.9725,Loyal Customers
15675,81,3,323.69,107.89666666666666,At-Risk Customers
15676,19,3,3435.76,1145.2533333333333,Loyal Customers
15677,49,1,657.23,657.23,At-Risk Customers
15678,53,1,352.7,352.7,At-Risk Customers
15679,24,4,781.28,195.32,Loyal Customers
15680,9,3,1333.68,444.56,Potential Customers
15681,25,5,1426.16,285.232,Loyal Customers
15683,117,1,193.75,193.75,At-Risk Customers
15687,9,9,2993.1,332.56666666666666,VIP Customers
15689,120,2,254.1,127.05,At-Risk Customers
15690,4,2,239.76,119.88,Potential Customers
15691,252,1,136.8,136.8,At-Risk Customers
15692,28,1,191.04,191.04,Potential Customers
15694,1,13,6464.4,497.2615384615384,VIP Customers
15695,267,2,409.98,204.99,At-Risk Customers
15696,33,8,2711.11,338.88875,Loyal Customers
15699,18,1,309.65,309.65,Potential Customers
15700,172,2,696.68,348.34,At-Risk Customers
15701,2,4,1529.0,382.25,VIP Customers
15703,265,1,211.5,211.5,At-Risk Customers
15704,140,4,2293.62,573.405,Loyal Customers
15705,201,1,143.1,143.1,At-Risk Customers
15706,64,4,1060.56,265.14,Loyal Customers
15707,35,4,916.98,229.245,Loyal Customers
15708,41,7,3235.25,462.17857142857144,Loyal Customers
15709,284,1,133.25,133.25,At-Risk Customers
15712,9,5,1072.3600000000001,214.47200000000004,Loyal Customers
15713,143,2,356.7,178.35,At-Risk Customers
15714,12,2,330.03000000000003,165.01500000000001,Potential Customers
15716,146,4,1101.1100000000001,275.27750000000003,Loyal Customers
15717,234,1,150.3,150.3,At-Risk Customers
15719,33,13,5028.42,386.8015384615385,VIP Customers
15720,24,1,598.73,598.73,Potential Customers
15721,12,1,471.40000000000003,471.40000000000003,Potential Customers
15722,36,5,2211.21,442.242,Loyal Customers
15723,365,1,190.7,190.7,At-Risk Customers
15724,201,2,218.25,109.125,At-Risk Customers
15725,15,1,415.25,415.25,Potential Customers
15727,17,7,5159.06,737.0085714285715,VIP Customers
15729,213,1,85.0,85.0,At-Risk Customers
15730,66,3,1120.88,373.6266666666667,Loyal Customers
15732,212,2,294.12,147.06,At-Risk Customers
15733,283,1,162.3,162.3,At-Risk Customers
15734,115,2,1339.45,669.725,Loyal Customers
15737,15,8,1188.1200000000001,148.51500000000001,VIP Customers
15738,19,16,4812.42,300.77625,VIP Customers
15739,66,1,449.12,449.12,At-Risk Customers
15740,49,1,154.88,154.88,At-Risk Customers
15743,16,4,775.96,193.99,Potential Customers
15744,78,1,34.8,34.8,At-Risk Customers
15745,19,4,1094.59,273.6475,Loyal Customers
15746,134,1,196.88,196.88,At-Risk Customers
15747,13,3,946.64,315.5466666666667,Potential Customers
15748,40,1,144.36,144.36,At-Risk Customers
15749,235,3,44534.3,14844.766666666668,Loyal Customers
15750,3,8,2463.05,307.88125,VIP Customers
15752,40,7,2626.6,375.2285714285714,Loyal Customers
15753,305,1,79.2,79.2,At-Risk Customers
15754,51,3,458.57,152.85666666666665,Loyal Customers
15755,10,6,2364.25,394.0416666666667,VIP Customers
15756,61,4,528.01,132.0025,Loyal Customers
15757,66,2,714.42,357.21,Loyal Customers
15758,25,1,205.25,205.25,Potential Customers
15759,218,3,253.04,84.34666666666666,At-Risk Customers
15762,65,2,583.75,291.875,At-Risk Customers
15763,32,2,1086.92,543.46,Loyal Customers
15764,88,6,3279.97,546.6616666666666,Loyal Customers
15766,64,1,315.06,315.06,At-Risk Customers
15768,116,3,621.8299999999999,207.27666666666664,Loyal Customers
15769,7,26,56252.72,2163.566153846154,VIP Customers
15773,6,1,635.6800000000001,635.6800000000001,Potential Customers
15774,69,1,270.8,270.8,At-Risk Customers
15775,245,1,104.9,104.9,At-Risk Customers
15776,133,1,241.62,241.62,At-Risk Customers
15777,241,4,1047.11,261.7775,Loyal Customers
15780,184,3,475.28000000000003,158.42666666666668,At-Risk Customers
15781,25,3,345.46,115.15333333333332,Potential Customers
15782,10,3,2614.7400000000002,871.58,Loyal Customers
15783,11,1,246.3,246.3,Potential Customers
15785,33,5,2328.9700000000003,465.79400000000004,Loyal Customers
15786,46,3,4919.0,1639.6666666666667,Loyal Customers
15787,26,3,933.26,311.08666666666664,Loyal Customers
15789,358,1,351.3,351.3,At-Risk Customers
15790,10,1,218.75,218.75,Potential Customers
15791,44,2,1612.69,806.345,Loyal Customers
15793,15,3,965.61,321.87,Potential Customers
15795,150,1,610.01,610.01,At-Risk Customers
15796,1,8,2707.61,338.45125,VIP Customers
15797,113,3,2192.4,730.8000000000001,Loyal Customers
15799,76,3,884.14,294.7133333333333,Loyal Customers
15800,107,2,696.89,348.445,At-Risk Customers
15801,46,3,1063.95,354.65000000000003,Loyal Customers
15803,51,1,415.82000000000005,415.82000000000005,At-Risk Customers
15804,1,13,4206.39,323.5684615384616,VIP Customers
15805,23,17,5488.18,322.83411764705886,VIP Customers
15806,46,3,784.58,261.5266666666667,Loyal Customers
15807,50,3,903.9,301.3,Loyal Customers
15808,306,4,3651.27,912.8175,Loyal Customers
15809,36,5,515.77,103.154,Loyal Customers
15810,79,4,1391.98,347.995,Loyal Customers
15811,22,6,2218.62,369.77,Loyal Customers
15812,107,5,1801.14,360.228,Loyal Customers
15813,208,2,1303.9099999999999,651.9549999999999,Loyal Customers
15814,17,4,1945.33,486.3325,Loyal Customers
15815,64,5,2100.6,420.12,Loyal Customers
15819,49,4,1905.45,476.3625,Loyal Customers
15820,320,1,206.98,206.98,At-Risk Customers
15821,44,2,570.96,285.48,Potential Customers
15822,3,2,885.47,442.735,Potential Customers
15825,172,1,532.94,532.94,At-Risk Customers
15826,56,3,1654.31,551.4366666666666,Loyal Customers
15827,73,14,1836.0900000000001,131.14928571428572,Loyal Customers
15829,99,2,636.14,318.07,At-Risk Customers
15830,38,1,576.0,576.0,Potential Customers
15831,58,3,794.64,264.88,Loyal Customers
15832,254,1,836.79,836.79,At-Risk Customers
15834,70,4,2222.65,555.6625,Loyal Customers
15835,44,4,954.09,238.5225,Loyal Customers
15836,50,1,137.37,137.37,At-Risk Customers
15837,65,1,391.98,391.98,At-Risk Customers
15838,11,19,33643.08,1770.6884210526316,VIP Customers
15839,33,3,1048.49,349.49666666666667,Loyal Customers
15840,59,2,355.56,177.78,At-Risk Customers
15841,73,4,1224.06,306.015,Loyal Customers
15843,304,1,118.95000000000002,118.95000000000002,At-Risk Customers
15844,46,1,130.73999999999998,130.73999999999998,At-Risk Customers
15845,18,8,3711.77,463.97125,VIP Customers
15847,38,2,389.27,194.635,Potential Customers
15850,19,2,234.88,117.44,Potential Customers
15852,187,2,160.71,80.355,At-Risk Customers
15853,52,1,110.8,110.8,At-Risk Customers
15854,4,12,2969.12,247.42666666666665,VIP Customers
15855,137,5,712.24,142.448,Loyal Customers
15856,4,27,16142.380000000001,597.8659259259259,VIP Customers
15857,19,1,297.0,297.0,Potential Customers
15858,16,5,1427.57,285.514,Loyal Customers
15860,41,8,965.16,120.645,Loyal Customers
15861,12,8,3146.92,393.365,VIP Customers
15862,8,4,832.88,208.22,Potential Customers
15863,26,2,68.84,34.42,Potential Customers
15864,22,6,1936.3200000000002,322.72,Loyal Customers
15865,41,3,895.13,298.37666666666667,Loyal Customers
15866,101,1,211.89,211.89,At-Risk Customers
15867,5,15,3803.6,253.57333333333332,VIP Customers
15869,277,2,149.64,74.82,At-Risk Customers
15870,33,1,351.44,351.44,Potential Customers
15872,15,2,316.25,158.125,Potential Customers
15874,64,7,4405.88,629.4114285714286,Loyal Customers
15877,2,2,490.33,245.165,Potential Customers
15880,369,1,329.03000000000003,329.03000000000003,At-Risk Customers
15881,312,5,501.39000000000004,100.278,At-Risk Customers
15882,199,4,514.08,128.52,At-Risk Customers
15883,2,2,396.48,198.24,Potential Customers
15885,93,1,349.35,349.35,At-Risk Customers
15886,60,1,181.09,181.09,At-Risk Customers
15888,81,1,162.64,162.64,At-Risk Customers
15889,157,2,400.77,200.385,At-Risk Customers
15891,227,1,509.13,509.13,At-Risk Customers
15894,253,2,257.6,128.8,At-Risk Customers
15895,150,1,179.17,179.17,At-Risk Customers
15897,194,2,208.59,104.295,At-Risk Customers
15898,1,5,1383.83,276.76599999999996,VIP Customers
15899,369,1,56.25,56.25,At-Risk Customers
15900,24,1,337.28,337.28,Potential Customers
15901,17,3,349.75,116.58333333333333,Potential Customers
15903,10,7,5126.76,732.3942857142857,VIP Customers
15904,8,1,164.68,164.68,Potential Customers
15906,20,7,1567.69,223.9557142857143,Loyal Customers
15907,4,3,881.87,293.95666666666665,Potential Customers
15909,174,1,191.94,191.94,At-Risk Customers
15910,1,8,1228.88,153.61,VIP Customers
15912,178,2,264.62,132.31,At-Risk Customers
15916,16,8,1502.8600000000001,187.85750000000002,VIP Customers
15917,248,1,123.1,123.1,At-Risk Customers
15918,191,2,334.23,167.115,At-Risk Customers
15919,20,2,525.69,262.845,Potential Customers
15920,154,3,163.55,54.51666666666667,At-Risk Customers
15921,173,1,323.03000000000003,323.03000000000003,At-Risk Customers
15922,373,1,369.5,369.5,At-Risk Customers
15923,373,1,127.08,127.08,At-Risk Customers
15925,194,1,207.15,207.15,At-Risk Customers
15930,67,1,426.63,426.63,At-Risk Customers
15932,4,8,2495.87,311.98375,VIP Customers
15933,21,3,1107.46,369.15333333333336,Loyal Customers
15935,239,1,108.03999999999999,108.03999999999999,At-Risk Customers
15937,64,1,145.35,145.35,At-Risk Customers
15938,112,5,404.58,80.916,Loyal Customers
15939,90,14,6100.01,435.71500000000003,VIP Customers
15940,311,1,35.8,35.8,At-Risk Customers
15942,134,1,337.44,337.44,At-Risk Customers
15944,277,1,325.1,325.1,At-Risk Customers
15945,365,1,181.0,181.0,At-Risk Customers
15947,83,1,1708.24,1708.24,Loyal Customers
15948,8,2,955.24,477.62,Potential Customers
15949,17,2,364.72,182.36,Potential Customers
15950,32,4,1744.71,436.1775,Loyal Customers
15951,9,2,708.22,354.11,Potential Customers
15952,34,4,781.91,195.4775,Loyal Customers
15953,15,8,1657.28,207.16,VIP Customers
15955,24,14,4416.26,315.44714285714286,VIP Customers
15957,32,1,428.89,428.89,Potential Customers
15958,74,1,104.35,104.35,At-Risk Customers
15963,20,2,470.76,235.38,Potential Customers
15965,17,4,808.87,202.2175,Loyal Customers
15967,23,2,397.68,198.84,Potential Customers
15969,3,3,666.1,222.03333333333333,Potential Customers
15970,304,1,314.1,314.1,At-Risk Customers
15971,18,12,4194.9,349.575,VIP Customers
15973,367,1,307.82000000000005,307.82000000000005,At-Risk Customers
15974,39,7,3442.15,491.7357142857143,Loyal Customers
15975,84,1,371.01,371.01,At-Risk Customers
15976,165,2,427.64,213.82,At-Risk Customers
15977,17,2,1054.73,527.365,Potential Customers
15978,77,1,1098.78,1098.78,At-Risk Customers
15980,89,3,2398.86,799.62,Loyal Customers
15981,25,8,3408.48,426.06,VIP Customers
15983,22,4,1465.12,366.28,Loyal Customers
15984,3,10,2780.63,278.063,VIP Customers
15985,123,2,1142.42,571.21,Loyal Customers
15986,30,1,168.12,168.12,Potential Customers
15987,12,7,1432.77,204.68142857142857,VIP Customers
15988,19,1,156.78,156.78,Potential Customers
15990,44,2,792.11,396.055,Loyal Customers
15992,4,1,41.989999999999995,41.989999999999995,Potential Customers
15993,9,7,2768.97,395.5671428571428,VIP Customers
15994,55,1,414.27,414.27,At-Risk Customers
15996,88,6,1032.58,172.09666666666666,Loyal Customers
15998,37,5,3080.22,616.044,Loyal Customers
16000,3,3,12393.7,4131.233333333334,VIP Customers
16003,30,5,2735.37,547.074,Loyal Customers
16005,12,4,578.71,144.6775,Potential Customers
16006,211,1,101.4,101.4,At-Risk Customers
16007,48,4,1693.81,423.4525,Loyal Customers
16008,24,3,478.78,159.59333333333333,Potential Customers
16009,22,4,972.11,243.0275,Loyal Customers
16010,246,3,392.4,130.79999999999998,At-Risk Customers
16011,8,16,3352.96,209.56,VIP Customers
16012,35,3,1415.29,471.7633333333333,Loyal Customers
16013,4,47,37130.6,790.0127659574467,VIP Customers
16014,38,3,646.83,215.61,Loyal Customers
16015,4,3,704.26,234.75333333333333,Potential Customers
16016,3,8,1465.51,183.18875,VIP Customers
16017,47,1,211.88,211.88,At-Risk Customers
16018,39,2,408.90000000000003,204.45000000000002,Potential Customers
16019,47,9,3786.2400000000002,420.6933333333334,Loyal Customers
16020,17,3,851.01,283.67,Potential Customers
16022,260,1,602.63,602.63,At-Risk Customers
16023,46,3,719.81,239.93666666666664,Loyal Customers
16024,12,1,245.75,245.75,Potential Customers
16025,30,1,439.65999999999997,439.65999999999997,Potential Customers
16026,43,1,236.09,236.09,At-Risk Customers
16027,92,6,934.62,155.77,Loyal Customers
16029,39,62,72708.09,1172.711129032258,VIP Customers
16030,310,1,331.24,331.24,At-Risk Customers
16031,92,2,547.9,273.95,At-Risk Customers
16033,6,20,8778.82,438.941,VIP Customers
16034,196,3,437.7,145.9,At-Risk Customers
16036,87,2,758.92,379.46,Loyal Customers
16037,270,3,855.02,285.00666666666666,At-Risk Customers
16038,8,3,471.78000000000003,157.26000000000002,Potential Customers
16040,65,3,1313.55,437.84999999999997,Loyal Customers
16041,31,3,3166.4,1055.4666666666667,Loyal Customers
16042,22,5,1177.47,235.494,Loyal Customers
16043,38,4,773.99,193.4975,Loyal Customers
16045,120,4,1340.7,335.175,Loyal Customers
16048,373,2,256.44,128.22,At-Risk Customers
16049,40,3,1074.81,358.27,Loyal Customers
16050,174,1,137.9,137.9,At-Risk Customers
16052,54,1,362.06,362.06,At-Risk Customers
16053,33,2,1511.95,755.975,Loyal Customers
16054,145,1,783.9,783.9,At-Risk Customers
16055,221,1,134.8,134.8,At-Risk Customers
16056,45,1,650.75,650.75,Potential Customers
16057,16,7,2263.12,323.30285714285714,VIP Customers
16059,66,6,1453.16,242.19333333333336,Loyal Customers
16062,10,4,1153.62,288.405,Potential Customers
16063,260,1,335.32,335.32,At-Risk Customers
16065,365,1,367.14,367.14,At-Risk Customers
16066,17,5,1521.04,304.20799999999997,Loyal Customers
16070,22,2,852.15,426.075,Potential Customers
16071,45,1,326.24,326.24,At-Risk Customers
16072,288,1,584.3199999999999,584.3199999999999,At-Risk Customers
16073,297,1,122.39999999999999,122.39999999999999,At-Risk Customers
16076,3,10,2234.73,223.473,VIP Customers
16078,284,1,79.2,79.2,At-Risk Customers
16079,17,3,1352.0,450.6666666666667,Loyal Customers
16080,82,2,217.16,108.58,At-Risk Customers
16081,56,5,2799.42,559.884,Loyal Customers
16083,101,2,1317.62,658.81,Loyal Customers
16084,299,1,436.18,436.18,At-Risk Customers
16085,23,5,981.51,196.302,Loyal Customers
16086,59,5,1121.39,224.27800000000002,Loyal Customers
16091,155,2,315.06,157.53,At-Risk Customers
16092,115,3,817.86,272.62,Loyal Customers
16093,107,1,17.0,17.0,At-Risk Customers
16094,12,4,1078.23,269.5575,Loyal Customers
16096,264,1,320.62,320.62,At-Risk Customers
16097,240,1,185.04999999999998,185.04999999999998,At-Risk Customers
16098,88,7,2005.63,286.5185714285714,Loyal Customers
16099,50,3,731.9,243.96666666666667,Loyal Customers
16101,71,1,1290.7,1290.7,Loyal Customers
16102,42,3,1842.14,614.0466666666667,Loyal Customers
16103,7,6,1429.64,238.27333333333334,VIP Customers
16104,62,1,298.21,298.21,At-Risk Customers
16105,249,1,336.96,336.96,At-Risk Customers
16106,66,1,108.38,108.38,At-Risk Customers
16107,18,7,3204.1600000000003,457.7371428571429,VIP Customers
16108,85,1,842.5,842.5,At-Risk Customers
16109,219,2,611.88,305.94,At-Risk Customers
16110,45,3,1320.95,440.31666666666666,Loyal Customers
16112,143,4,195.73999999999998,48.934999999999995,At-Risk Customers
16113,183,1,161.38,161.38,At-Risk Customers
16114,171,1,135.75000000000003,135.75000000000003,At-Risk Customers
16115,10,8,1660.8799999999999,207.60999999999999,VIP Customers
16116,212,1,612.78,612.78,At-Risk Customers
16117,190,1,232.21,232.21,At-Risk Customers
16119,8,2,423.36,211.68,Potential Customers
16120,59,4,1309.14,327.285,Loyal Customers
16121,57,2,854.66,427.33,Loyal Customers
16122,73,4,684.4200000000001,171.10500000000002,Loyal Customers
16123,52,1,307.78,307.78,At-Risk Customers
16124,317,1,249.0,249.0,At-Risk Customers
16125,367,1,289.35,289.35,At-Risk Customers
16126,29,4,6287.77,1571.9425,Loyal Customers
16127,39,1,656.25,656.25,Potential Customers
16128,18,5,1880.22,376.044,Loyal Customers
16131,52,6,3506.54,584.4233333333333,Loyal Customers
16133,4,33,14589.04,442.09212121212124,VIP Customers
16134,22,2,618.09,309.045,Potential Customers
16135,263,1,517.55,517.55,At-Risk Customers
16136,60,3,709.38,236.46,Loyal Customers
16139,19,3,635.41,211.8033333333333,Potential Customers
16140,66,2,725.18,362.59,Loyal Customers
16141,88,1,620.4,620.4,At-Risk Customers
16142,250,1,535.34,535.34,At-Risk Customers
16143,3,6,2424.94,404.1566666666667,VIP Customers
16144,247,1,175.2,175.2,At-Risk Customers
16145,9,11,3799.4900000000002,345.40818181818184,VIP Customers
16146,157,3,734.13,244.71,Loyal Customers
16147,134,1,375.0,375.0,At-Risk Customers
16148,296,1,76.32000000000001,76.32000000000001,At-Risk Customers
16149,5,2,280.52,140.26,Potential Customers
16150,43,5,2053.02,410.604,Loyal Customers
16152,269,1,1829.04,1829.04,At-Risk Customers
16153,50,5,1824.23,364.846,Loyal Customers
16156,9,9,3092.04,343.56,VIP Customers
16157,16,3,656.69,218.89666666666668,Potential Customers
16159,282,1,348.2,348.2,At-Risk Customers
16160,65,2,1025.44,512.72,Loyal Customers
16161,2,19,5533.67,291.2457894736842,VIP Customers
16162,252,1,37.4,37.4,At-Risk Customers
16163,232,2,856.6,428.3,At-Risk Customers
16164,17,3,822.48,274.16,Potential Customers
16168,11,27,3787.6,140.28148148148148,VIP Customers
16169,8,4,1822.97,455.7425,Loyal Customers
16170,51,6,1885.05,314.175,Loyal Customers
16171,59,1,73.2,73.2,At-Risk Customers
16172,95,5,1140.21,228.042,Loyal Customers
16173,16,6,1418.32,236.38666666666666,Loyal Customers
16174,126,3,1009.5500000000001,336.5166666666667,Loyal Customers
16175,94,4,1037.59,259.3975,Loyal Customers
16177,50,1,331.95,331.95,At-Risk Customers
16178,138,1,197.9,197.9,At-Risk Customers
16179,61,1,215.83,215.83,At-Risk Customers
16180,100,8,10254.18,1281.7725,Loyal Customers
16181,73,1,305.54,305.54,At-Risk Customers
16182,72,4,6617.65,1654.4125,Loyal Customers
16183,67,1,338.71000000000004,338.71000000000004,At-Risk Customers
16184,64,6,1158.79,193.13166666666666,Loyal Customers
16185,17,2,529.41,264.705,Potential Customers
16186,23,12,4006.94,333.9116666666667,VIP Customers
16187,32,15,6911.4400000000005,460.7626666666667,VIP Customers
16188,45,4,981.86,245.465,Loyal Customers
16189,16,2,215.48,107.74,Potential Customers
16190,40,1,215.08,215.08,At-Risk Customers
16191,3,13,5180.52,398.5015384615385,VIP Customers
16193,237,1,314.45,314.45,At-Risk Customers
16198,75,1,400.68100000000004,400.68100000000004,At-Risk Customers
16200,4,2,1068.8700000000001,534.4350000000001,Potential Customers
16201,3,4,1863.47,465.8675,VIP Customers
16202,361,1,365.27,365.27,At-Risk Customers
16203,59,4,592.9,148.225,Loyal Customers
16204,23,1,384.18,384.18,Potential Customers
16205,31,4,751.03,187.7575,Loyal Customers
16206,55,4,537.0600000000001,134.26500000000001,Loyal Customers
16207,25,1,394.38,394.38,Potential Customers
16208,45,2,664.26,332.13,Potential Customers
16209,89,5,2262.62,452.524,Loyal Customers
16210,2,17,21076.3,1239.7823529411764,VIP Customers
16211,89,1,547.02,547.02,At-Risk Customers
16212,19,2,690.34,345.17,Potential Customers
16213,79,1,159.0,159.0,At-Risk Customers
16214,171,3,1062.75,354.25,Loyal Customers
16215,81,1,242.35,242.35,At-Risk Customers
16216,267,1,914.9300000000001,914.9300000000001,At-Risk Customers
16217,235,2,304.25,152.125,At-Risk Customers
16218,30,7,3084.68,440.6685714285714,Loyal Customers
16221,37,3,860.86,286.9533333333333,Loyal Customers
16222,318,1,773.5500000000001,773.5500000000001,At-Risk Customers
16224,57,4,1295.3,323.825,Loyal Customers
16225,45,5,1096.32,219.26399999999998,Loyal Customers
16226,203,3,255.12,85.04,At-Risk Customers
16227,225,1,314.22,314.22,At-Risk Customers
16229,87,2,1010.6,505.3,Loyal Customers
16230,190,2,542.03,271.015,At-Risk Customers
16232,44,4,990.88,247.72,Loyal Customers
16233,71,3,536.6800000000001,178.89333333333335,Loyal Customers
16235,41,4,857.31,214.3275,Loyal Customers
16236,78,1,432.2,432.2,At-Risk Customers
16239,57,2,414.2,207.1,At-Risk Customers
16240,24,2,3718.8,1859.4,Loyal Customers
16241,10,13,2590.31,199.2546153846154,VIP Customers
16242,8,7,3579.86,511.40857142857146,VIP Customers
16243,34,2,409.1,204.55,Potential Customers
16244,212,2,1522.75,761.375,Loyal Customers
16245,24,3,1413.66,471.22,Loyal Customers
16247,170,1,114.56,114.56,At-Risk Customers
16248,62,1,152.94,152.94,At-Risk Customers
16249,53,5,1800.07,360.014,Loyal Customers
16250,261,2,389.44,194.72,At-Risk Customers
16253,67,2,3683.86,1841.93,Loyal Customers
16255,17,8,2619.91,327.48875,VIP Customers
16256,267,1,752.4300000000001,752.4300000000001,At-Risk Customers
16257,177,1,46.95,46.95,At-Risk Customers
16258,45,5,5203.51,1040.702,Loyal Customers
16260,51,1,1035.45,1035.45,Potential Customers
16261,17,4,728.54,182.135,Potential Customers
16265,9,9,5447.0,605.2222222222222,VIP Customers
16266,74,7,861.89,123.12714285714286,Loyal Customers
16268,71,2,667.65,333.825,Loyal Customers
16270,353,1,1141.24,1141.24,At-Risk Customers
16271,16,4,1389.64,347.41,Loyal Customers
16272,117,1,411.7,411.7,At-Risk Customers
16274,373,1,331.55,331.55,At-Risk Customers
16275,197,1,559.87,559.87,At-Risk Customers
16276,177,1,810.6000000000001,810.6000000000001,At-Risk Customers
16278,100,1,566.38,566.38,At-Risk Customers
16279,21,3,1502.78,500.9266666666667,Loyal Customers
16281,72,1,2062.06,2062.06,Loyal Customers
16282,340,1,168.3,168.3,At-Risk Customers
16283,6,5,1569.11,313.822,VIP Customers
16284,31,2,812.68,406.34,Potential Customers
16287,170,1,142.5,142.5,At-Risk Customers
16292,122,1,302.25,302.25,At-Risk Customers
16293,22,10,2248.9900000000002,224.89900000000003,VIP Customers
16295,10,4,1328.55,332.1375,Loyal Customers
16297,269,1,301.9,301.9,At-Risk Customers
16298,23,3,598.2,199.4,Potential Customers
16302,127,1,233.22,233.22,At-Risk Customers
16303,26,3,5360.63,1786.8766666666668,Loyal Customers
16305,139,1,361.21999999999997,361.21999999999997,At-Risk Customers
16306,214,6,632.27,105.37833333333333,Loyal Customers
16308,38,4,2560.0,640.0,Loyal Customers
16309,106,2,706.57,353.285,At-Risk Customers
16311,18,2,616.26,308.13,Potential Customers
16313,3,2,274.15000000000003,137.07500000000002,Potential Customers
16315,331,1,226.37,226.37,At-Risk Customers
16316,64,8,2938.91,367.36375,Loyal Customers
16317,120,3,1341.65,447.2166666666667,Loyal Customers
16318,35,1,328.15,328.15,Potential Customers
16319,218,1,404.40000000000003,404.40000000000003,At-Risk Customers
16320,172,2,1038.46,519.23,At-Risk Customers
16321,72,5,373.65000000000003,74.73,Loyal Customers
16322,1,2,326.75,163.375,Potential Customers
16323,196,1,207.50000000000003,207.50000000000003,At-Risk Customers
16324,128,3,408.59000000000003,136.1966666666667,At-Risk Customers
16325,47,3,594.24,198.08,Loyal Customers
16326,6,14,3039.2200000000003,217.08714285714288,VIP Customers
16327,14,6,3789.67,631.6116666666667,VIP Customers
16330,18,3,251.91,83.97,Potential Customers
16332,28,7,1582.8,226.1142857142857,Loyal Customers
16333,8,22,26626.8,1210.3090909090909,VIP Customers
16337,37,1,151.05,151.05,At-Risk Customers
16338,157,1,214.79999999999998,214.79999999999998,At-Risk Customers
16339,284,1,94.05,94.05,At-Risk Customers
16340,107,1,534.31,534.31,At-Risk Customers
16341,25,4,1971.87,492.9675,Loyal Customers
16342,75,4,322.41,80.6025,Loyal Customers
16343,16,2,328.58,164.29,Potential Customers
16344,158,1,101.10000000000001,101.10000000000001,At-Risk Customers
16345,44,1,565.46,565.46,Potential Customers
16347,11,2,847.45,423.725,Potential Customers
16348,32,7,1413.31,201.90142857142857,Loyal Customers
16349,291,1,53.5,53.5,At-Risk Customers
16350,21,4,1116.47,279.1175,Loyal Customers
16351,333,1,153.9,153.9,At-Risk Customers
16352,18,2,494.44,247.22,Potential Customers
16353,4,23,6675.71,290.24826086956523,VIP Customers
16354,63,2,395.8,197.9,At-Risk Customers
16356,198,3,211.77,70.59,At-Risk Customers
16357,33,3,658.88,219.62666666666667,Loyal Customers
16358,1,4,2027.5,506.875,VIP Customers
16359,7,9,1750.92,194.54666666666668,VIP Customers
16360,5,6,3450.41,575.0683333333333,VIP Customers
16361,10,4,891.21,222.8025,Potential Customers
16362,32,5,709.99,141.998,Loyal Customers
16363,53,1,109.36000000000001,109.36000000000001,At-Risk Customers
16364,12,2,705.79,352.895,Potential Customers
16365,18,9,1540.42,171.1577777777778,VIP Customers
16366,19,1,327.3,327.3,Potential Customers
16367,37,2,800.67,400.335,Potential Customers
16368,2,2,479.91,239.955,Potential Customers
16369,18,3,1543.33,514.4433333333333,Loyal Customers
16370,82,4,1301.91,325.4775,Loyal Customers
16372,33,2,355.73,177.865,Potential Customers
16374,66,2,458.78000000000003,229.39000000000001,At-Risk Customers
16376,9,2,974.96,487.48,Potential Customers
16377,267,1,676.2,676.2,At-Risk Customers
16378,247,3,362.95,120.98333333333333,At-Risk Customers
16379,4,4,2157.4,539.35,VIP Customers
16380,61,1,1743.1499999999999,1743.1499999999999,Loyal Customers
16383,75,2,643.76,321.88,At-Risk Customers
16384,90,2,584.5,292.25,At-Risk Customers
16385,60,3,554.86,184.95333333333335,Loyal Customers
16386,29,2,302.57,151.285,Potential Customers
16387,323,1,94.36,94.36,At-Risk Customers
16389,53,4,1382.07,345.5175,Loyal Customers
16392,270,1,217.89,217.89,At-Risk Customers
16393,2,13,3040.96,233.92000000000002,VIP Customers
16394,57,5,1555.34,311.068,Loyal Customers
16395,61,5,1482.06,296.412,Loyal Customers
16398,154,2,1705.8,852.9,Loyal Customers
16399,19,2,406.21999999999997,203.10999999999999,Potential Customers
16400,95,1,303.93,303.93,At-Risk Customers
16401,1,12,4098.32,341.52666666666664,VIP Customers
16402,265,2,293.45,146.725,At-Risk Customers
16403,312,1,177.5,177.5,At-Risk Customers
16404,70,1,443.05,443.05,At-Risk Customers
16405,302,2,167.25,83.625,At-Risk Customers
16406,19,1,154.35,154.35,Potential Customers
16407,13,10,2079.68,207.968,VIP Customers
16409,36,5,2022.98,404.596,Loyal Customers
16411,19,2,211.7,105.85,Potential Customers
16412,54,1,135.99,135.99,At-Risk Customers
16413,57,1,262.2,262.2,At-Risk Customers
16414,22,2,126.25,63.125,Potential Customers
16415,44,1,200.27,200.27,At-Risk Customers
16416,27,3,1051.4,350.4666666666667,Loyal Customers
16418,45,3,631.12,210.37333333333333,Loyal Customers
16419,113,6,958.71,159.785,Loyal Customers
16422,17,51,34684.4,680.086274509804,VIP Customers
16423,25,1,346.12,346.12,Potential Customers
16424,191,1,133.56,133.56,At-Risk Customers
16425,302,1,302.7,302.7,At-Risk Customers
16426,2,10,1863.76,186.376,VIP Customers
16427,263,2,241.06,120.53,At-Risk Customers
16429,106,1,284.55,284.55,At-Risk Customers
16430,57,1,300.85,300.85,At-Risk Customers
16431,213,3,623.28,207.76,At-Risk Customers
16432,64,1,287.4,287.4,At-Risk Customers
16433,28,1,184.26,184.26,Potential Customers
16434,29,7,1511.8,215.97142857142856,Loyal Customers
16438,6,5,798.35,159.67000000000002,Potential Customers
16440,8,5,3640.67,728.134,VIP Customers
16441,67,2,381.2,190.6,At-Risk Customers
16442,2,3,609.3,203.1,Potential Customers
16444,46,4,654.67,163.6675,Loyal Customers
16445,34,1,230.51,230.51,Potential Customers
16446,1,2,168472.5,84236.25,VIP Customers
16447,136,1,255.91,255.91,At-Risk Customers
16448,198,1,182.99,182.99,At-Risk Customers
16449,198,2,707.69,353.845,At-Risk Customers
16450,150,1,311.92,311.92,At-Risk Customers
16451,88,1,266.97,266.97,At-Risk Customers
16454,64,1,5.9,5.9,At-Risk Customers
16455,64,7,1841.18,263.0257142857143,Loyal Customers
16456,99,5,2158.18,431.63599999999997,Loyal Customers
16457,218,1,208.36,208.36,At-Risk Customers
16458,3,18,3482.7400000000002,193.48555555555558,VIP Customers
16460,28,3,811.23,270.41,Loyal Customers
16461,178,1,142.92,142.92,At-Risk Customers
16462,74,3,136.0,45.333333333333336,At-Risk Customers
16463,21,4,1422.4,355.6,Loyal Customers
16464,20,3,1298.66,432.8866666666667,Loyal Customers
16466,34,7,1595.96,227.99428571428572,Loyal Customers
16468,74,1,74.9,74.9,At-Risk Customers
16469,24,4,625.42,156.355,Loyal Customers
16470,52,4,752.77,188.1925,Loyal Customers
16471,275,1,223.95000000000002,223.95000000000002,At-Risk Customers
16473,165,3,316.11,105.37,At-Risk Customers
16474,7,7,1810.49,258.64142857142855,VIP Customers
16475,88,4,544.3,136.075,Loyal Customers
16477,64,7,2494.46,356.3514285714286,Loyal Customers
16478,25,3,331.0,110.33333333333333,Potential Customers
16479,10,2,300.83,150.415,Potential Customers
16480,76,1,769.29,769.29,At-Risk Customers
16482,16,1,220.62,220.62,Potential Customers
16483,192,1,139.35,139.35,At-Risk Customers
16484,174,2,404.3,202.15,At-Risk Customers
16485,77,1,363.65,363.65,At-Risk Customers
16488,33,3,498.8,166.26666666666668,Potential Customers
16491,47,1,731.5,731.5,Potential Customers
16493,80,4,1351.63,337.9075,Loyal Customers
16494,297,1,826.53,826.53,At-Risk Customers
16495,3,3,648.26,216.08666666666667,Potential Customers
16496,9,3,1599.52,533.1733333333333,Potential Customers
16497,50,6,2965.69,494.2816666666667,Loyal Customers
16498,161,2,100.97,50.485,At-Risk Customers
16499,360,2,365.45,182.725,At-Risk Customers
16500,5,6,400.86,66.81,Potential Customers
16503,107,4,1431.93,357.9825,Loyal Customers
16504,25,1,465.88,465.88,Potential Customers
16505,32,1,777.6,777.6,Potential Customers
16506,20,2,90.30000000000001,45.150000000000006,Potential Customers
16509,297,1,363.7,363.7,At-Risk Customers
16510,372,1,248.1,248.1,At-Risk Customers
16511,22,3,916.33,305.4433333333333,Loyal Customers
16513,5,4,874.59,218.6475,Potential Customers
16515,52,5,1624.14,324.82800000000003,Loyal Customers
16516,30,1,101.69999999999999,101.69999999999999,Potential Customers
16517,277,1,162.7,162.7,At-Risk Customers
16518,61,2,484.32,242.16,At-Risk Customers
16519,25,2,212.98,106.49,Potential Customers
16520,186,3,1046.57,348.8566666666666,Loyal Customers
16523,2,21,9418.470000000001,448.4985714285715,VIP Customers
16525,2,26,13027.45,501.0557692307693,VIP Customers
16526,172,1,290.36,290.36,At-Risk Customers
16527,81,1,228.06,228.06,At-Risk Customers
16528,4,1,244.41,244.41,Potential Customers
16529,190,1,455.25,455.25,At-Risk Customers
16531,22,7,1244.59,177.79857142857142,Loyal Customers
16532,18,3,6748.8,2249.6,Loyal Customers
16533,19,3,1082.81,360.93666666666667,Loyal Customers
16535,5,1,593.75,593.75,Potential Customers
16536,110,1,548.12,548.12,At-Risk Customers
16539,3,4,1388.81,347.2025,Potential Customers
16542,54,1,119.62,119.62,At-Risk Customers
16545,165,1,339.3,339.3,At-Risk Customers
16546,291,2,787.15,393.575,At-Risk Customers
16549,10,10,4034.9,403.49,VIP Customers
16550,109,5,2298.97,459.794,Loyal Customers
16551,96,3,922.12,307.37333333333333,Loyal Customers
16552,243,2,379.73,189.865,At-Risk Customers
16553,163,12,5719.82,476.65166666666664,Loyal Customers
16554,42,3,837.1,279.03333333333336,Loyal Customers
16555,35,2,285.89,142.945,Potential Customers
16556,67,7,3313.79,473.3985714285714,Loyal Customers
16557,24,2,281.85,140.925,Potential Customers
16558,1,20,8338.49,416.92449999999997,VIP Customers
16560,27,2,841.41,420.705,Potential Customers
16561,6,2,511.12,255.56,Potential Customers
16563,54,1,1077.74,1077.74,Loyal Customers
16565,364,1,173.7,173.7,At-Risk Customers
16566,15,5,614.66,122.93199999999999,Potential Customers
16567,194,2,865.6,432.8,At-Risk Customers
16569,3,1,124.2,124.2,Potential Customers
16570,15,10,3738.4,373.84000000000003,VIP Customers
16571,27,3,1421.69,473.8966666666667,Loyal Customers
16572,127,3,1009.6,336.53333333333336,Loyal Customers
16573,85,2,663.61,331.805,At-Risk Customers
16574,71,1,451.44,451.44,At-Risk Customers
16581,183,1,105.84,105.84,At-Risk Customers
16582,113,1,313.62,313.62,At-Risk Customers
16583,374,1,233.45,233.45,At-Risk Customers
16584,80,2,936.08,468.04,Loyal Customers
16586,249,1,463.95,463.95,At-Risk Customers
16587,232,1,225.15,225.15,At-Risk Customers
16589,71,3,459.24,153.08,Loyal Customers
16591,69,1,213.5,213.5,At-Risk Customers
16592,4,16,4113.68,257.105,VIP Customers
16593,51,3,330.03,110.00999999999999,Potential Customers
16594,75,1,181.09,181.09,At-Risk Customers
16595,61,1,360.16,360.16,At-Risk Customers
16596,16,2,250.15,125.075,Potential Customers
16597,4,1,90.04,90.04,Potential Customers
16598,286,1,145.04999999999998,145.04999999999998,At-Risk Customers
16600,4,6,813.52,135.58666666666667,VIP Customers
16601,41,1,241.53,241.53,At-Risk Customers
16602,36,1,528.08,528.08,Potential Customers
16603,75,2,482.47,241.235,At-Risk Customers
16607,18,14,3347.71,239.12214285714285,VIP Customers
16609,15,7,5493.46,784.78,VIP Customers
16610,219,1,75.66,75.66,At-Risk Customers
16611,186,1,129.49,129.49,At-Risk Customers
16612,33,4,1187.66,296.915,Loyal Customers
16613,70,1,618.59,618.59,At-Risk Customers
16614,183,1,506.19,506.19,At-Risk Customers
16616,15,2,500.42,250.21,Potential Customers
16617,236,1,151.85,151.85,At-Risk Customers
16618,31,5,2647.59,529.518,Loyal Customers
16619,264,1,226.21,226.21,At-Risk Customers
16620,4,2,178.96,89.48,Potential Customers
16621,52,4,813.48,203.37,Loyal Customers
16623,246,1,129.45,129.45,At-Risk Customers
16624,81,2,810.5699999999999,405.28499999999997,Loyal Customers
16625,275,1,333.08,333.08,At-Risk Customers
16626,1,17,4413.1,259.59411764705885,VIP Customers
16627,79,1,322.8,322.8,At-Risk Customers
16628,30,5,2188.05,437.61,Loyal Customers
16629,74,2,408.63,204.315,At-Risk Customers
16633,17,6,2883.1,480.51666666666665,VIP Customers
16634,223,2,217.9,108.95,At-Risk Customers
16637,32,4,1154.47,288.6175,Loyal Customers
16638,23,10,1680.72,168.072,VIP Customers
16639,31,3,1257.51,419.17,Loyal Customers
16641,106,1,231.10000000000002,231.10000000000002,At-Risk Customers
16642,5,2,688.33,344.165,Potential Customers
16643,246,1,487.51,487.51,At-Risk Customers
16644,178,2,833.78,416.89,At-Risk Customers
16647,170,2,214.06,107.03,At-Risk Customers
16648,43,1,290.65999999999997,290.65999999999997,At-Risk Customers
16650,72,1,518.42,518.42,At-Risk Customers
16652,59,7,6773.97,967.71,Loyal Customers
16653,16,2,1212.66,606.33,Potential Customers
16654,141,4,601.27,150.3175,Loyal Customers
16655,18,6,3789.52,631.5866666666667,VIP Customers
16656,22,15,8625.8,575.0533333333333,VIP Customers
16657,10,4,874.43,218.6075,Potential Customers
16658,368,1,123.24,123.24,At-Risk Customers
16659,189,1,39.12,39.12,At-Risk Customers
16660,16,4,1267.6499999999999,316.91249999999997,Loyal Customers
16665,362,1,135.39999999999998,135.39999999999998,At-Risk Customers
16666,19,1,118.98,118.98,Potential Customers
16667,68,2,567.1800000000001,283.59000000000003,At-Risk Customers
16668,15,6,306.71999999999997,51.12,Potential Customers
16669,24,2,1344.48,672.24,Loyal Customers
16670,17,11,4095.9,372.3545454545455,VIP Customers
16671,28,3,1692.27,564.09,Loyal Customers
16672,2,20,8134.9400000000005,406.747,VIP Customers
16674,55,2,304.24,152.12,At-Risk Customers
16676,34,4,1592.1200000000001,398.03000000000003,Loyal Customers
16678,3,12,3109.99,259.1658333333333,VIP Customers
16679,366,1,129.75,129.75,At-Risk Customers
16680,43,1,183.7,183.7,At-Risk Customers
16681,73,6,1770.34,295.0566666666667,Loyal Customers
16682,5,5,1028.0,205.6,Potential Customers
16684,4,28,66653.56,2380.4842857142858,VIP Customers
16685,61,2,324.24,162.12,At-Risk Customers
16686,47,7,2959.88,422.84000000000003,Loyal Customers
16688,1,4,1260.86,315.215,Potential Customers
16689,76,2,422.59999999999997,211.29999999999998,At-Risk Customers
16690,72,2,225.57999999999998,112.78999999999999,At-Risk Customers
16692,256,2,1126.0,563.0,At-Risk Customers
16693,69,2,477.86,238.93,At-Risk Customers
16696,135,4,657.9000000000001,164.47500000000002,Loyal Customers
16697,241,1,112.75,112.75,At-Risk Customers
16698,227,2,1998.0,999.0,Loyal Customers
16700,9,13,5076.55,390.50384615384615,VIP Customers
16701,9,13,5398.3,415.25384615384615,VIP Customers
16705,1,20,14034.99,701.7495,VIP Customers
16706,37,3,531.35,177.11666666666667,Potential Customers
16708,46,1,656.63,656.63,Potential Customers
16709,85,5,3029.87,605.9739999999999,Loyal Customers
16710,19,10,2467.99,246.79899999999998,VIP Customers
16711,3,5,1651.03,330.206,VIP Customers
16712,9,11,3603.66,327.6054545454545,VIP Customers
16713,19,15,6910.78,460.71866666666665,VIP Customers
16714,317,2,1114.06,557.03,At-Risk Customers
16715,78,1,301.71999999999997,301.71999999999997,At-Risk Customers
16716,267,2,901.2,450.6,At-Risk Customers
16717,24,6,3843.08,640.5133333333333,Loyal Customers
16718,369,1,606.0500000000001,606.0500000000001,At-Risk Customers
16719,15,7,1770.22,252.88857142857142,VIP Customers
16720,26,1,152.95,152.95,Potential Customers
16721,262,1,292.47,292.47,At-Risk Customers
16722,17,13,4730.81,363.90846153846155,VIP Customers
16723,91,2,576.4,288.2,At-Risk Customers
16725,302,6,756.82,126.13666666666667,Loyal Customers
16726,26,5,1358.74,271.748,Loyal Customers
16727,364,1,256.32,256.32,At-Risk Customers
16728,46,4,1048.28,262.07,Loyal Customers
16729,38,21,7202.01,342.95285714285717,VIP Customers
16730,52,3,743.11,247.70333333333335,Loyal Customers
16732,32,1,603.75,603.75,Potential Customers
16734,52,3,646.76,215.58666666666667,Loyal Customers
16735,79,5,2247.41,449.48199999999997,Loyal Customers
16737,53,1,417.59999999999997,417.59999999999997,At-Risk Customers
16738,298,1,3.75,3.75,At-Risk Customers
16739,177,1,323.0,323.0,At-Risk Customers
16743,29,7,2213.13,316.1614285714286,Loyal Customers
16744,11,7,1291.91,184.55857142857144,VIP Customers
16745,87,17,7180.7,422.3941176470588,VIP Customers
16746,5,18,6680.11,371.1172222222222,VIP Customers
16747,38,2,836.06,418.03,Loyal Customers
16748,18,5,1515.9,303.18,Loyal Customers
16750,45,5,623.93,124.78599999999999,Loyal Customers
16751,31,1,1764.72,1764.72,Loyal Customers
16752,373,1,207.5,207.5,At-Risk Customers
16753,58,1,223.92000000000002,223.92000000000002,At-Risk Customers
16754,372,1,2002.4,2002.4,At-Risk Customers
16755,114,3,1475.43,491.81,Loyal Customers
16756,215,1,239.4,239.4,At-Risk Customers
16757,319,1,106.83000000000001,106.83000000000001,At-Risk Customers
16758,65,1,369.34000000000003,369.34000000000003,At-Risk Customers
16759,8,3,789.79,263.2633333333333,Potential Customers
16761,97,1,316.62,316.62,At-Risk Customers
16762,20,3,1207.24,402.41333333333336,Loyal Customers
16763,199,1,611.85,611.85,At-Risk Customers
16764,4,13,2790.9500000000003,214.68846153846155,VIP Customers
16765,294,1,34.0,34.0,At-Risk Customers
16766,273,2,1145.6,572.8,At-Risk Customers
16767,31,11,5575.56,506.86909090909097,VIP Customers
16768,48,3,478.09000000000003,159.36333333333334,Loyal Customers
16769,260,1,361.54,361.54,At-Risk Customers
16770,58,5,757.1,151.42000000000002,Loyal Customers
16771,33,5,2230.61,446.122,Loyal Customers
16773,57,1,171.59,171.59,At-Risk Customers
16774,68,4,661.52,165.38,Loyal Customers
16775,10,11,1691.51,153.77363636363637,VIP Customers
16776,60,1,371.54,371.54,At-Risk Customers
16777,80,2,222.62,111.31,At-Risk Customers
16778,74,2,245.94,122.97,At-Risk Customers
16779,2,22,10611.720000000001,482.35090909090917,VIP Customers
16780,100,2,422.24,211.12,At-Risk Customers
16781,372,1,311.25,311.25,At-Risk Customers
16782,10,13,2267.9500000000003,174.45769230769233,VIP Customers
16784,20,1,107.6,107.6,Potential Customers
16788,123,2,592.74,296.37,At-Risk Customers
16789,8,1,80.8,80.8,Potential Customers
16790,4,6,1545.6200000000001,257.60333333333335,VIP Customers
16791,29,7,1693.03,241.86142857142858,Loyal Customers
16792,282,2,110.38000000000001,55.190000000000005,At-Risk Customers
16793,57,1,243.84,243.84,At-Risk Customers
16794,1,10,1194.48,119.44800000000001,VIP Customers
16795,365,1,414.88,414.88,At-Risk Customers
16796,89,1,305.62,305.62,At-Risk Customers
16800,11,1,1162.65,1162.65,Potential Customers
16801,163,4,1594.23,398.5575,Loyal Customers
16803,65,1,332.3,332.3,At-Risk Customers
16804,23,3,536.99,178.99666666666667,Potential Customers
16805,174,2,460.59,230.295,At-Risk Customers
16806,103,4,736.21,184.0525,Loyal Customers
16807,143,3,1121.59,373.8633333333333,Loyal Customers
16808,99,2,288.42,144.21,At-Risk Customers
16809,23,5,914.69,182.93800000000002,Loyal Customers
16810,192,1,309.54,309.54,At-Risk Customers
16811,5,2,547.07,273.535,Potential Customers
16812,361,1,479.35,479.35,At-Risk Customers
16813,8,10,1652.18,165.21800000000002,VIP Customers
16814,14,21,6406.8,305.0857142857143,VIP Customers
16816,103,4,417.06,104.265,Loyal Customers
16817,3,9,1604.75,178.30555555555554,VIP Customers
16818,11,11,3349.57,304.50636363636363,VIP Customers
16820,96,1,497.61,497.61,At-Risk Customers
16823,227,1,358.38,358.38,At-Risk Customers
16824,16,2,460.64,230.32,Potential Customers
16825,39,2,775.1800000000001,387.59000000000003,Potential Customers
16826,51,1,341.7,341.7,At-Risk Customers
16828,112,1,113.5,113.5,At-Risk Customers
16829,157,1,197.22,197.22,At-Risk Customers
16830,39,1,325.91,325.91,Potential Customers
16832,184,3,199.15,66.38333333333334,At-Risk Customers
16833,1,4,1106.53,276.6325,Potential Customers
16834,228,1,413.46,413.46,At-Risk Customers
16835,128,2,180.85,90.425,At-Risk Customers
16836,40,2,251.87,125.935,Potential Customers
16837,31,11,3170.98,288.2709090909091,VIP Customers
16838,197,2,588.85,294.425,At-Risk Customers
16839,9,34,16594.35,488.06911764705876,VIP Customers
16841,37,6,1869.82,311.63666666666666,Loyal Customers
16842,101,3,1264.19,421.3966666666667,Loyal Customers
16843,43,16,10196.57,637.285625,VIP Customers
16846,50,1,214.32,214.32,At-Risk Customers
16847,43,1,193.44,193.44,At-Risk Customers
16848,53,1,281.42,281.42,At-Risk Customers
16849,187,1,124.57,124.57,At-Risk Customers
16850,334,1,332.41,332.41,At-Risk Customers
16851,4,3,342.45,114.14999999999999,Potential Customers
16852,10,2,144.91000000000003,72.45500000000001,Potential Customers
16855,24,2,328.4,164.2,Potential Customers
16856,15,1,35.400000000000006,35.400000000000006,Potential Customers
16858,369,1,375.69000000000005,375.69000000000005,At-Risk Customers
16859,145,2,747.81,373.905,At-Risk Customers
16861,60,2,173.76,86.88,At-Risk Customers
16863,31,2,502.8,251.4,Potential Customers
16866,141,3,207.73999999999998,69.24666666666666,At-Risk Customers
16869,23,4,817.12,204.28,Loyal Customers
16871,22,6,2812.34,468.72333333333336,Loyal Customers
16872,77,3,680.02,226.67333333333332,Loyal Customers
16873,5,6,7123.62,1187.27,VIP Customers
16875,67,5,2095.53,419.10600000000005,Loyal Customers
16877,12,6,846.62,141.10333333333332,Loyal Customers
16878,84,1,13.3,13.3,At-Risk Customers
16880,31,7,1491.43,213.0614285714286,Loyal Customers
16881,67,1,432.0,432.0,At-Risk Customers
16882,67,3,705.12,235.04,Loyal Customers
16883,187,2,272.48,136.24,At-Risk Customers
16884,38,2,429.84000000000003,214.92000000000002,Potential Customers
16885,15,3,450.41,150.13666666666668,Potential Customers
16887,35,1,192.32999999999998,192.32999999999998,Potential Customers
16889,195,3,1578.67,526.2233333333334,Loyal Customers
16891,2,5,742.43,148.486,Potential Customers
16892,1,5,518.19,103.638,Potential Customers
16893,367,1,145.93,145.93,At-Risk Customers
16895,65,1,202.27,202.27,At-Risk Customers
16897,299,2,289.78,144.89,At-Risk Customers
16898,26,3,501.03,167.01,Potential Customers
16899,8,6,1271.06,211.84333333333333,VIP Customers
16900,17,3,882.16,294.05333333333334,Potential Customers
16902,116,1,1706.88,1706.88,Loyal Customers
16903,29,1,363.2,363.2,Potential Customers
16904,4,15,3634.95,242.32999999999998,VIP Customers
16905,5,7,3037.6,433.9428571428571,VIP Customers
16906,82,4,559.59,139.8975,Loyal Customers
16907,29,5,928.76,185.752,Loyal Customers
16909,72,1,379.14,379.14,At-Risk Customers
16910,4,8,1508.96,188.62,VIP Customers
16912,29,11,2555.58,232.32545454545453,VIP Customers
16913,290,1,113.44,113.44,At-Risk Customers
16914,36,1,183.76,183.76,Potential Customers
16915,9,6,621.6800000000001,103.61333333333334,Potential Customers
16916,24,2,562.41,281.205,Potential Customers
16917,277,1,391.52,391.52,At-Risk Customers
16918,50,6,1068.82,178.13666666666666,Loyal Customers
16919,156,11,2592.25,235.6590909090909,Loyal Customers
16921,61,1,154.18,154.18,At-Risk Customers
16923,12,19,7069.08,372.0568421052632,VIP Customers
16924,21,3,829.89,276.63,Potential Customers
16926,371,1,230.25,230.25,At-Risk Customers
16927,116,3,543.05,181.01666666666665,At-Risk Customers
16928,80,17,2806.75,165.10294117647058,VIP Customers
16929,4,7,1295.39,185.0557142857143,VIP Customers
16930,26,3,378.89,126.29666666666667,Potential Customers
16931,5,21,4554.87,216.89857142857142,VIP Customers
16932,53,1,150.23000000000002,150.23000000000002,At-Risk Customers
16933,1,2,563.23,281.615,Potential Customers
16934,55,2,931.03,465.515,Loyal Customers
16936,26,1,261.9,261.9,Potential Customers
16938,9,4,2711.6800000000003,677.9200000000001,Loyal Customers
16940,52,3,3049.88,1016.6266666666667,Loyal Customers
16942,13,9,1904.99,211.66555555555556,VIP Customers
16943,212,3,816.73,272.24333333333334,Loyal Customers
16945,22,19,4345.5,228.71052631578948,VIP Customers
16947,236,1,406.48,406.48,At-Risk Customers
16948,139,3,435.02,145.00666666666666,At-Risk Customers
16949,4,6,1286.27,214.37833333333333,VIP Customers
16950,57,3,1178.56,392.8533333333333,Loyal Customers
16951,135,3,1277.75,425.9166666666667,Loyal Customers
16952,109,2,167.61,83.805,At-Risk Customers
16953,30,1,20.8,20.8,At-Risk Customers
16954,1,9,2085.08,231.67555555555555,VIP Customers
16955,185,4,518.67,129.6675,Loyal Customers
16956,18,1,308.74,308.74,Potential Customers
16957,239,2,416.64,208.32,At-Risk Customers
16959,87,1,117.35000000000001,117.35000000000001,At-Risk Customers
16960,39,3,505.1,168.36666666666667,Potential Customers
16961,116,1,234.17,234.17,At-Risk Customers
16963,187,1,110.55000000000001,110.55000000000001,At-Risk Customers
16965,227,1,192.07,192.07,At-Risk Customers
16966,8,7,2154.97,307.8528571428571,VIP Customers
16967,189,1,319.02,319.02,At-Risk Customers
16968,4,2,439.43,219.715,Potential Customers
16969,39,3,650.41,216.8033333333333,Loyal Customers
16971,38,1,357.21,357.21,Potential Customers
16976,267,1,251.51999999999998,251.51999999999998,At-Risk Customers
16978,78,1,344.33,344.33,At-Risk Customers
16979,4,6,1852.0,308.6666666666667,VIP Customers
16980,255,2,1028.46,514.23,At-Risk Customers
16982,61,1,384.06,384.06,At-Risk Customers
16983,13,7,1905.87,272.26714285714286,VIP Customers
16984,88,2,4459.52,2229.76,Loyal Customers
16985,17,10,5464.12,546.412,VIP Customers
16986,30,2,1873.2,936.6,Loyal Customers
16987,3,7,1616.8,230.97142857142856,VIP Customers
16988,5,1,126.12,126.12,Potential Customers
16989,7,6,1133.25,188.875,VIP Customers
16990,219,1,179.0,179.0,At-Risk Customers
16992,11,5,1614.31,322.86199999999997,Loyal Customers
16996,30,6,1456.96,242.82666666666668,Loyal Customers
16997,288,3,702.0,234.0,At-Risk Customers
16998,150,4,295.0,73.75,At-Risk Customers
16999,23,2,484.82,242.41,Potential Customers
17001,1,11,3989.57,362.6881818181818,VIP Customers
17002,86,3,1493.73,497.91,Loyal Customers
17004,46,2,1312.1399999999999,656.0699999999999,Loyal Customers
17006,5,4,781.78,195.445,Potential Customers
17007,51,6,889.9300000000001,148.3216666666667,Loyal Customers
17010,18,1,195.36,195.36,Potential Customers
17011,30,1,270.9,270.9,Potential Customers
17014,8,3,583.4300000000001,194.4766666666667,Potential Customers
17015,29,3,1838.6100000000001,612.87,Loyal Customers
17017,3,20,8694.26,434.713,VIP Customers
17018,41,2,920.1,460.05,Loyal Customers
17019,11,4,1258.08,314.52,Loyal Customers
17022,31,1,71.0,71.0,At-Risk Customers
17024,45,3,95.85,31.95,At-Risk Customers
17025,61,3,357.77,119.25666666666666,At-Risk Customers
17026,185,2,154.82999999999998,77.41499999999999,At-Risk Customers
17027,79,6,877.5600000000001,146.26000000000002,Loyal Customers
17029,111,2,716.0,358.0,At-Risk Customers
17030,64,1,146.87,146.87,At-Risk Customers
17031,12,2,380.35,190.175,Potential Customers
17033,86,3,1030.14,343.38000000000005,Loyal Customers
17034,16,3,745.52,248.50666666666666,Potential Customers
17035,246,2,433.53000000000003,216.76500000000001,At-Risk Customers
17037,88,1,1267.32,1267.32,At-Risk Customers
17038,30,1,112.4,112.4,Potential Customers
17040,138,1,449.73,449.73,At-Risk Customers
17041,27,3,1071.49,357.16333333333336,Loyal Customers
17042,3,5,1036.58,207.31599999999997,Potential Customers
17043,32,4,1735.18,433.795,Loyal Customers
17044,25,1,948.48,948.48,Potential Customers
17045,113,3,339.44,113.14666666666666,At-Risk Customers
17046,157,1,642.02,642.02,At-Risk Customers
17047,85,3,1100.9,366.9666666666667,Loyal Customers
17048,118,3,925.35,308.45,Loyal Customers
17049,3,9,5655.03,628.3366666666666,VIP Customers
17050,96,6,3185.64,530.9399999999999,Loyal Customers
17051,194,1,240.89000000000001,240.89000000000001,At-Risk Customers
17052,28,1,399.09,399.09,Potential Customers
17053,131,1,498.48,498.48,At-Risk Customers
17054,28,5,1356.33,271.26599999999996,Loyal Customers
17058,82,3,1179.89,393.2966666666667,Loyal Customers
17059,30,5,3080.39,616.078,Loyal Customers
17060,266,1,234.24,234.24,At-Risk Customers
17061,74,11,5232.2300000000005,475.65727272727275,VIP Customers
17062,314,4,528.29,132.0725,At-Risk Customers
17063,21,7,1461.14,208.73428571428573,Loyal Customers
17064,59,3,855.45,285.15000000000003,Loyal Customers
17068,12,21,4545.89,216.47095238095238,VIP Customers
17069,28,9,2709.7000000000003,301.0777777777778,VIP Customers
17070,114,1,304.24,304.24,At-Risk Customers
17071,28,9,2429.03,269.89222222222224,VIP Customers
17073,18,4,1444.84,361.21,Loyal Customers
17075,18,4,834.12,208.53,Loyal Customers
17076,36,3,841.0799999999999,280.35999999999996,Loyal Customers
17078,36,2,375.86,187.93,Potential Customers
17079,78,1,118.80000000000001,118.80000000000001,At-Risk Customers
17080,22,2,287.62,143.81,Potential Customers
17081,25,2,288.91,144.455,Potential Customers
17082,33,2,2003.85,1001.925,Loyal Customers
17083,109,3,1405.78,468.5933333333333,Loyal Customers
17084,35,2,2747.9900000000002,1373.9950000000001,Loyal Customers
17085,123,5,1562.4,312.48,Loyal Customers
17086,7,6,2050.08,341.68,VIP Customers
17088,28,4,1991.01,497.7525,Loyal Customers
17090,4,7,1974.65,282.09285714285716,VIP Customers
17091,3,9,3827.76,425.3066666666667,VIP Customers
17092,50,4,1774.03,443.5075,Loyal Customers
17094,322,1,302.0,302.0,At-Risk Customers
17095,23,3,1324.16,441.3866666666667,Loyal Customers
17096,15,4,1022.13,255.5325,Loyal Customers
17097,2,8,954.42,119.3025,VIP Customers
17100,18,2,971.74,485.87,Potential Customers
17101,10,4,1621.73,405.4325,Loyal Customers
17102,262,1,25.5,25.5,At-Risk Customers
17105,159,2,665.78,332.89,At-Risk Customers
17107,33,6,10797.48,1799.58,VIP Customers
17109,29,6,881.29,146.88166666666666,Loyal Customers
17110,165,1,163.29999999999998,163.29999999999998,At-Risk Customers
17111,47,1,231.61,231.61,At-Risk Customers
17114,6,8,801.12,100.14,VIP Customers
17115,8,3,837.5,279.1666666666667,Potential Customers
17117,288,1,116.19999999999999,116.19999999999999,At-Risk Customers
17118,318,1,157.02,157.02,At-Risk Customers
17119,3,2,606.91,303.455,Potential Customers
17120,233,1,307.46,307.46,At-Risk Customers
17122,119,1,138.32,138.32,At-Risk Customers
17123,162,1,345.29999999999995,345.29999999999995,At-Risk Customers
17124,185,1,294.24,294.24,At-Risk Customers
17125,50,1,230.5,230.5,At-Risk Customers
17126,152,5,989.45,197.89000000000001,Loyal Customers
17128,335,1,157.09,157.09,At-Risk Customers
17131,5,5,2463.17,492.634,VIP Customers
17133,16,7,4892.240000000001,698.8914285714287,VIP Customers
17134,107,2,413.2,206.6,At-Risk Customers
17135,16,7,1139.73,162.81857142857143,Loyal Customers
17138,276,1,380.5,380.5,At-Risk Customers
17139,16,12,10650.77,887.5641666666667,VIP Customers
17140,247,1,454.12,454.12,At-Risk Customers
17142,239,1,579.0,579.0,At-Risk Customers
17144,1,2,984.57,492.285,Potential Customers
17146,106,3,749.78,249.92666666666665,Loyal Customers
17147,23,4,1714.59,428.6475,Loyal Customers
17148,52,1,124.88,124.88,At-Risk Customers
17152,195,3,1689.5,563.1666666666666,Loyal Customers
17153,24,1,213.78,213.78,Potential Customers
17154,75,1,329.34,329.34,At-Risk Customers
17155,18,2,251.70000000000002,125.85000000000001,Potential Customers
17157,8,2,319.0,159.5,Potential Customers
17158,32,3,1266.97,422.3233333333333,Loyal Customers
17159,22,3,1538.88,512.96,Loyal Customers
17160,31,6,3518.03,586.3383333333334,Loyal Customers
17162,29,10,1715.46,171.546,VIP Customers
17163,22,2,293.1,146.55,Potential Customers
17164,33,7,2467.35,352.4785714285714,Loyal Customers
17165,284,1,158.68,158.68,At-Risk Customers
17166,39,2,206.34,103.17,Potential Customers
17169,58,2,835.78,417.89,Loyal Customers
17171,289,1,224.91,224.91,At-Risk Customers
17172,79,1,317.76,317.76,At-Risk Customers
17173,5,8,3766.6,470.825,VIP Customers
17174,218,1,59.9,59.9,At-Risk Customers
17175,44,4,1443.69,360.9225,Loyal Customers
17176,202,1,306.13,306.13,At-Risk Customers
17179,178,3,711.79,237.26333333333332,Loyal Customers
17180,56,4,783.97,195.9925,Loyal Customers
17181,57,2,239.92000000000002,119.96000000000001,At-Risk Customers
17183,8,6,3347.31,557.885,VIP Customers
17186,47,2,144.0,72.0,At-Risk Customers
17187,227,1,203.95,203.95,At-Risk Customers
17188,11,7,2474.23,353.4614285714286,VIP Customers
17189,106,2,383.75,191.875,At-Risk Customers
17190,59,2,444.74,222.37,At-Risk Customers
17191,28,7,2093.68,299.09714285714284,Loyal Customers
17193,36,7,1699.3000000000002,242.7571428571429,Loyal Customers
17194,361,1,226.78,226.78,At-Risk Customers
17197,30,1,1013.01,1013.01,Potential Customers
17198,24,3,692.22,230.74,Potential Customers
17201,54,1,289.78,289.78,At-Risk Customers
17203,36,6,3560.08,593.3466666666667,Loyal Customers
17204,175,4,1564.56,391.14,Loyal Customers
17205,54,1,384.08,384.08,At-Risk Customers
17206,53,1,204.24,204.24,At-Risk Customers
17211,27,8,2317.2200000000003,289.65250000000003,Loyal Customers
17212,253,1,226.85,226.85,At-Risk Customers
17213,40,7,2781.23,397.31857142857143,Loyal Customers
17214,60,6,1059.1200000000001,176.52,Loyal Customers
17217,234,1,113.5,113.5,At-Risk Customers
17218,4,10,1951.97,195.197,VIP Customers
17219,32,1,114.23,114.23,Potential Customers
17220,24,14,3187.55,227.68214285714288,VIP Customers
17221,7,2,334.48,167.24,Potential Customers
17222,65,1,328.65,328.65,At-Risk Customers
17223,310,2,381.89,190.945,At-Risk Customers
17226,309,1,393.49,393.49,At-Risk Customers
17227,19,6,939.32,156.55333333333334,Loyal Customers
17228,16,8,1906.09,238.26125,VIP Customers
17229,96,2,318.76,159.38,At-Risk Customers
17230,264,8,3638.41,454.80125,Loyal Customers
17231,12,10,3124.72,312.472,VIP Customers
17232,3,2,417.77,208.885,Potential Customers
17233,35,1,190.88,190.88,Potential Customers
17234,183,1,149.89000000000001,149.89000000000001,At-Risk Customers
17235,25,2,550.06,275.03,Potential Customers
17236,13,6,916.13,152.68833333333333,Loyal Customers
17237,11,2,314.69,157.345,Potential Customers
17238,3,17,3719.1,218.7705882352941,VIP Customers
17239,313,1,382.5,382.5,At-Risk Customers
17242,108,2,1135.04,567.52,Loyal Customers
17243,1,26,8531.65,328.1403846153846,VIP Customers
17244,53,1,954.9,954.9,Potential Customers
17245,205,1,171.45,171.45,At-Risk Customers
17247,15,1,280.09000000000003,280.09000000000003,Potential Customers
17248,120,1,318.65,318.65,At-Risk Customers
17250,4,2,381.97,190.985,Potential Customers
17251,363,1,269.83,269.83,At-Risk Customers
17252,117,2,348.91,174.455,At-Risk Customers
17253,18,1,178.26,178.26,Potential Customers
17254,5,2,271.19,135.595,Potential Customers
17255,41,2,291.48,145.74,Potential Customers
17256,107,2,240.0,120.0,At-Risk Customers
17259,148,2,581.23,290.615,At-Risk Customers
17262,52,5,1253.3600000000001,250.67200000000003,Loyal Customers
17263,208,1,63.440000000000005,63.440000000000005,At-Risk Customers
17265,139,2,550.01,275.005,At-Risk Customers
17266,2,3,296.58,98.86,Potential Customers
17267,127,2,317.2,158.6,At-Risk Customers
17268,108,4,763.64,190.91,Loyal Customers
17272,42,4,2148.63,537.1575,Loyal Customers
17274,35,1,107.82,107.82,At-Risk Customers
17277,228,2,1065.3500000000001,532.6750000000001,At-Risk Customers
17278,241,1,246.04,246.04,At-Risk Customers
17279,58,1,187.82999999999998,187.82999999999998,At-Risk Customers
17282,130,3,1685.46,561.82,Loyal Customers
17284,60,6,1647.48,274.58,Loyal Customers
17286,22,1,151.37,151.37,Potential Customers
17287,26,7,1049.06,149.8657142857143,Loyal Customers
17288,9,7,1417.63,202.51857142857145,VIP Customers
17289,32,3,931.02,310.34,Loyal Customers
17290,4,2,513.01,256.505,Potential Customers
17291,308,1,550.8000000000001,550.8000000000001,At-Risk Customers
17293,8,9,1854.06,206.00666666666666,VIP Customers
17295,29,3,547.0,182.33333333333334,Potential Customers
17297,17,1,128.18,128.18,Potential Customers
17298,101,2,498.42,249.21,At-Risk Customers
17299,12,4,656.61,164.1525,Potential Customers
17301,21,1,163.24,163.24,Potential Customers
17302,15,5,1135.63,227.12600000000003,Loyal Customers
17303,361,1,250.04,250.04,At-Risk Customers
17306,11,19,8631.31,454.2794736842105,VIP Customers
17309,95,1,82.75,82.75,At-Risk Customers
17311,78,2,1384.85,692.425,Loyal Customers
17312,139,3,644.3,214.76666666666665,Loyal Customers
17313,31,1,2328.84,2328.84,Loyal Customers
17314,25,8,2527.92,315.99,VIP Customers
17315,2,36,6241.15,173.36527777777778,VIP Customers
17317,46,3,2600.34,866.7800000000001,Loyal Customers
17320,100,3,1200.6200000000001,400.2066666666667,Loyal Customers
17321,8,2,657.16,328.58,Potential Customers
17323,15,7,903.12,129.01714285714286,Loyal Customers
17324,18,4,986.48,246.62,Loyal Customers
17325,280,1,96.8,96.8,At-Risk Customers
17329,14,2,523.11,261.555,Potential Customers
17330,23,2,363.9,181.95,Potential Customers
17331,124,1,175.2,175.2,At-Risk Customers
17333,86,1,494.25,494.25,At-Risk Customers
17334,302,2,307.02,153.51,At-Risk Customers
17337,151,4,1979.61,494.9025,Loyal Customers
17338,17,8,6484.75,810.59375,VIP Customers
17339,94,2,243.36,121.68,At-Risk Customers
17340,30,11,12353.29,1123.0263636363636,VIP Customers
17341,157,3,682.29,227.42999999999998,Loyal Customers
17343,355,1,193.64,193.64,At-Risk Customers
17344,46,1,157.62,157.62,At-Risk Customers
17345,15,4,519.6899999999999,129.92249999999999,Potential Customers
17346,4,15,2622.88,174.85866666666666,VIP Customers
17347,86,1,228.96,228.96,At-Risk Customers
17348,15,5,1156.6,231.32,Loyal Customers
17349,179,1,98.25,98.25,At-Risk Customers
17350,8,4,1281.32,320.33,Potential Customers
17351,36,3,587.15,195.71666666666667,Loyal Customers
17353,129,2,1740.0,870.0,Loyal Customers
17354,51,1,1393.06,1393.06,Loyal Customers
17356,312,1,178.22,178.22,At-Risk Customers
17357,24,2,384.39,192.195,Potential Customers
17358,303,2,360.81,180.405,At-Risk Customers
17359,11,1,127.86,127.86,Potential Customers
17360,17,3,568.24,189.41333333333333,Potential Customers
17361,49,3,488.2,162.73333333333332,Loyal Customers
17362,239,2,312.23,156.115,At-Risk Customers
17364,1,11,4462.68,405.69818181818187,VIP Customers
17365,13,8,4762.32,595.29,VIP Customers
17367,238,1,167.55,167.55,At-Risk Customers
17368,23,8,1878.87,234.85875,Loyal Customers
17370,73,4,446.18,111.545,Loyal Customers
17371,17,3,418.4,139.46666666666667,Potential Customers
17372,41,8,1337.18,167.1475,Loyal Customers
17373,40,4,646.92,161.73,Loyal Customers
17374,219,2,495.77,247.885,At-Risk Customers
17375,199,3,400.1,133.36666666666667,At-Risk Customers
17376,71,2,203.2,101.6,At-Risk Customers
17377,24,20,4058.32,202.916,VIP Customers
17379,11,1,389.71999999999997,389.71999999999997,Potential Customers
17381,9,29,20275.61,699.1589655172414,VIP Customers
17382,65,1,65.4,65.4,At-Risk Customers
17383,4,1,193.39000000000001,193.39000000000001,Potential Customers
17384,19,2,336.4,168.2,Potential Customers
17385,15,1,256.11,256.11,Potential Customers
17386,8,6,2686.42,447.7366666666667,VIP Customers
17387,20,2,746.81,373.405,Potential Customers
17388,78,4,1259.56,314.89,Loyal Customers
17389,1,34,31833.68,936.2847058823529,VIP Customers
17391,164,2,508.8,254.4,At-Risk Customers
17392,307,2,411.27,205.635,At-Risk Customers
17394,219,1,203.86999999999998,203.86999999999998,At-Risk Customers
17396,39,7,7312.8,1044.6857142857143,VIP Customers
17397,22,2,681.41,340.705,Potential Customers
17398,115,3,653.38,217.79333333333332,Loyal Customers
17400,126,5,2097.84,419.56800000000004,Loyal Customers
17402,5,12,2598.85,216.57083333333333,VIP Customers
17403,36,1,263.92,263.92,Potential Customers
17404,4,13,31781.82,2444.7553846153846,VIP Customers
17405,1,3,1031.41,343.80333333333334,Potential Customers
17406,333,3,2184.42,728.14,Loyal Customers
17408,163,1,32.65,32.65,At-Risk Customers
17409,185,2,771.85,385.925,At-Risk Customers
17410,16,5,1214.72,242.94400000000002,Loyal Customers
17411,12,3,778.94,259.6466666666667,Potential Customers
17412,3,7,1258.06,179.72285714285712,VIP Customers
17414,44,2,778.0,389.0,Loyal Customers
17415,80,1,507.84,507.84,At-Risk Customers
17416,30,7,6893.42,984.7742857142857,VIP Customers
17418,42,2,463.46000000000004,231.73000000000002,Potential Customers
17419,11,12,4226.57,352.21416666666664,VIP Customers
17420,50,3,598.83,199.61,Loyal Customers
17422,16,6,1979.37,329.895,Loyal Customers
17423,46,2,698.41,349.205,Loyal Customers
17425,19,2,759.17,379.585,Potential Customers
17426,8,6,5037.26,839.5433333333334,VIP Customers
17427,72,1,100.8,100.8,At-Risk Customers
17428,1,28,17256.85,616.3160714285714,VIP Customers
17429,128,3,524.9200000000001,174.97333333333336,At-Risk Customers
17430,33,2,265.76,132.88,Potential Customers
17431,313,1,403.3,403.3,At-Risk Customers
17432,18,2,365.76,182.88,Potential Customers
17433,88,1,303.15999999999997,303.15999999999997,At-Risk Customers
17434,2,7,2373.82,339.1171428571429,VIP Customers
17436,2,2,216.29999999999998,108.14999999999999,Potential Customers
17438,254,1,388.45000000000005,388.45000000000005,At-Risk Customers
17440,157,3,186.42000000000002,62.14000000000001,At-Risk Customers
17442,37,6,2248.56,374.76,Loyal Customers
17443,220,1,534.24,534.24,At-Risk Customers
17444,152,2,2389.1,1194.55,Loyal Customers
17446,177,2,120.9,60.45,At-Risk Customers
17447,40,2,541.53,270.765,Potential Customers
17449,2,7,2516.21,359.4585714285714,VIP Customers
17450,8,46,194390.79,4225.886739130435,VIP Customers
17451,1,7,1721.4,245.91428571428574,VIP Customers
17453,18,2,486.71999999999997,243.35999999999999,Potential Customers
17454,192,4,517.53,129.3825,Loyal Customers
17455,204,1,131.7,131.7,At-Risk Customers
17456,365,1,249.86,249.86,At-Risk Customers
17457,127,5,1737.7,347.54,Loyal Customers
17458,15,1,316.5,316.5,Potential Customers
17459,43,2,657.3,328.65,Potential Customers
17460,94,6,622.4300000000001,103.73833333333334,Loyal Customers
17461,23,3,735.82,245.27333333333334,Potential Customers
17462,60,2,675.69,337.845,Loyal Customers
17463,16,5,1875.86,375.17199999999997,Loyal Customers
17464,158,1,289.96000000000004,289.96000000000004,At-Risk Customers
17466,10,2,763.28,381.64,Potential Customers
17468,10,2,137.0,68.5,Potential Customers
17469,16,5,1870.97,374.194,Loyal Customers
17470,45,5,1125.07,225.01399999999998,Loyal Customers
17472,191,3,697.54,232.51333333333332,At-Risk Customers
17475,79,1,194.37,194.37,At-Risk Customers
17480,78,1,511.82,511.82,At-Risk Customers
17481,4,4,1255.59,313.8975,Potential Customers
17483,65,3,414.04,138.01333333333335,Loyal Customers
17486,261,1,396.87,396.87,At-Risk Customers
17489,59,2,376.64,188.32,At-Risk Customers
17490,1,7,2092.32,298.90285714285716,VIP Customers
17491,1,10,3558.87,355.887,VIP Customers
17492,248,1,374.57,374.57,At-Risk Customers
17495,8,2,497.56,248.78,Potential Customers
17496,359,1,271.05,271.05,At-Risk Customers
17498,76,1,272.22,272.22,At-Risk Customers
17499,290,1,622.88,622.88,At-Risk Customers
17500,17,3,1138.0,379.3333333333333,Loyal Customers
17501,221,2,288.6,144.3,At-Risk Customers
17502,9,4,689.1,172.275,Potential Customers
17503,3,2,558.96,279.48,Potential Customers
17504,206,9,2997.0299999999997,333.00333333333333,Loyal Customers
17505,162,2,1145.84,572.92,Loyal Customers
17506,76,1,302.2,302.2,At-Risk Customers
17507,262,2,605.58,302.79,At-Risk Customers
17508,281,1,387.31,387.31,At-Risk Customers
17509,58,8,6083.64,760.455,Loyal Customers
17510,25,1,308.48,308.48,Potential Customers
17511,3,31,91062.38,2937.496129032258,VIP Customers
17512,29,10,2924.9900000000002,292.499,VIP Customers
17513,72,1,513.2,513.2,At-Risk Customers
17514,128,1,208.65,208.65,At-Risk Customers
17515,31,4,639.02,159.755,Loyal Customers
17516,15,5,764.88,152.976,Loyal Customers
17517,309,1,153.94,153.94,At-Risk Customers
17519,17,6,1844.02,307.33666666666664,Loyal Customers
17520,54,1,546.81,546.81,At-Risk Customers
17521,30,3,723.2099999999999,241.06999999999996,Loyal Customers
17522,2,5,1066.15,213.23000000000002,VIP Customers
17523,11,4,652.74,163.185,Potential Customers
17524,361,1,145.0,145.0,At-Risk Customers
17525,360,1,422.70000000000005,422.70000000000005,At-Risk Customers
17526,5,4,1195.8999999999999,298.97499999999997,Potential Customers
17527,54,4,939.37,234.8425,Loyal Customers
17528,1,8,3628.5,453.5625,VIP Customers
17530,1,10,2362.53,236.25300000000001,VIP Customers
17531,190,1,296.7,296.7,At-Risk Customers
17534,54,1,223.36,223.36,At-Risk Customers
17535,280,1,164.4,164.4,At-Risk Customers
17536,177,1,76.5,76.5,At-Risk Customers
17537,30,2,887.67,443.835,Potential Customers
17538,26,1,98.42,98.42,Potential Customers
17540,25,2,578.9,289.45,Potential Customers
17542,270,1,170.75,170.75,At-Risk Customers
17545,43,3,642.32,214.10666666666668,Loyal Customers
17548,234,1,103.3,103.3,At-Risk Customers
17549,24,2,148.86,74.43,Potential Customers
17550,197,3,267.16,89.05333333333334,At-Risk Customers
17551,359,1,290.34,290.34,At-Risk Customers
17552,60,4,930.41,232.6025,Loyal Customers
17553,130,1,1487.6,1487.6,At-Risk Customers
17554,1,5,1952.45,390.49,VIP Customers
17555,20,2,480.31,240.155,Potential Customers
17556,206,1,157.9,157.9,At-Risk Customers
17557,14,3,541.46,180.48666666666668,Potential Customers
17560,95,4,854.95,213.7375,Loyal Customers
17561,19,1,165.12,165.12,Potential Customers
17562,14,7,1122.38,160.34,Loyal Customers
17564,24,3,454.01,151.33666666666667,Potential Customers
17566,8,2,869.77,434.885,Potential Customers
17567,7,8,4331.48,541.435,VIP Customers
17569,332,1,344.14,344.14,At-Risk Customers
17571,50,4,1424.42,356.105,Loyal Customers
17572,71,4,226.75000000000003,56.68750000000001,At-Risk Customers
17573,29,3,380.6,126.86666666666667,Potential Customers
17574,243,1,185.65,185.65,At-Risk Customers
17576,8,19,3564.83,187.62263157894736,VIP Customers
17578,218,1,143.45999999999998,143.45999999999998,At-Risk Customers
17579,5,3,448.90000000000003,149.63333333333335,Potential Customers
17580,253,3,212.77,70.92333333333333,At-Risk Customers
17581,1,25,11025.24,441.0096,VIP Customers
17582,236,1,175.27,175.27,At-Risk Customers
17584,7,2,1242.3,621.15,Potential Customers
17585,109,4,1116.68,279.17,Loyal Customers
17588,100,3,1240.2,413.40000000000003,Loyal Customers
17589,60,4,2402.92,600.73,Loyal Customers
17590,2,3,1466.77,488.92333333333335,Potential Customers
17591,73,7,2203.67,314.81,Loyal Customers
17593,4,5,3923.86,784.772,VIP Customers
17594,85,2,993.18,496.59,Loyal Customers
17595,12,2,386.69,193.345,Potential Customers
17596,23,7,2806.69,400.9557142857143,VIP Customers
17597,214,1,2044.3700000000001,2044.3700000000001,At-Risk Customers
17600,18,1,161.67000000000002,161.67000000000002,Potential Customers
17601,239,1,116.00999999999999,116.00999999999999,At-Risk Customers
17602,2,6,5054.42,842.4033333333333,VIP Customers
17603,78,1,394.72,394.72,At-Risk Customers
17604,217,2,309.36,154.68,At-Risk Customers
17608,33,2,191.99,95.995,Potential Customers
17609,41,5,1098.28,219.656,Loyal Customers
17611,7,15,3961.12,264.07466666666664,VIP Customers
17612,53,6,2048.45,341.4083333333333,Loyal Customers
17613,23,14,4544.55,324.6107142857143,VIP Customers
17614,57,1,386.32,386.32,At-Risk Customers
17615,130,3,329.6,109.86666666666667,At-Risk Customers
17616,174,3,571.1999999999999,190.39999999999998,At-Risk Customers
17618,6,3,930.28,310.0933333333333,Potential Customers
17619,312,1,214.37,214.37,At-Risk Customers
17620,60,1,81.44,81.44,At-Risk Customers
17621,21,3,1379.9,459.9666666666667,Loyal Customers
17623,33,1,527.0500000000001,527.0500000000001,Potential Customers
17624,15,2,843.48,421.74,Potential Customers
17625,18,4,2020.4,505.1,Loyal Customers
17628,81,1,75.75,75.75,At-Risk Customers
17629,6,8,1814.12,226.765,VIP Customers
17630,170,2,503.59999999999997,251.79999999999998,At-Risk Customers
17631,2,3,528.33,176.11,Potential Customers
17633,31,4,1324.84,331.21,Loyal Customers
17634,36,9,2358.59,262.0655555555556,Loyal Customers
17636,19,1,285.56,285.56,Potential Customers
17637,31,2,547.0600000000001,273.53000000000003,Potential Customers
17639,276,1,108.5,108.5,At-Risk Customers
17640,87,1,621.66,621.66,At-Risk Customers
17642,120,2,712.29,356.145,At-Risk Customers
17643,373,1,101.55,101.55,At-Risk Customers
17644,1,11,2895.64,263.24,VIP Customers
17646,219,3,1008.39,336.13,Loyal Customers
17647,65,1,133.06,133.06,At-Risk Customers
17648,61,4,1797.5,449.375,Loyal Customers
17649,138,1,868.49,868.49,At-Risk Customers
17650,21,1,166.08,166.08,Potential Customers
17651,12,10,3945.0,394.5,VIP Customers
17652,25,12,4867.72,405.6433333333334,VIP Customers
17653,37,4,1207.56,301.89,Loyal Customers
17654,277,1,117.55,117.55,At-Risk Customers
17655,11,7,2638.94,376.99142857142857,VIP Customers
17656,73,5,1674.69,334.938,Loyal Customers
17658,26,2,595.42,297.71,Potential Customers
17659,17,12,2999.46,249.955,VIP Customers
17660,141,1,178.75,178.75,At-Risk Customers
17663,26,7,1802.91,257.55857142857144,Loyal Customers
17664,19,2,604.64,302.32,Potential Customers
17666,4,2,728.16,364.08,Potential Customers
17667,66,5,2055.51,411.10200000000003,Loyal Customers
17668,1,2,347.75,173.875,Potential Customers
17669,43,7,3406.7200000000003,486.67428571428576,Loyal Customers
17670,228,1,205.7,205.7,At-Risk Customers
17671,16,4,1572.71,393.1775,Loyal Customers
17672,50,2,3178.17,1589.085,Loyal Customers
17673,2,6,1594.97,265.8283333333333,VIP Customers
17674,74,2,551.04,275.52,At-Risk Customers
17675,1,31,20374.28,657.2348387096774,VIP Customers
17676,4,6,1371.18,228.53,VIP Customers
17677,2,30,16345.38,544.846,VIP Customers
17678,264,1,298.11,298.11,At-Risk Customers
17679,53,2,1992.1100000000001,996.0550000000001,Loyal Customers
17680,24,1,184.4,184.4,Potential Customers
17682,10,6,2474.33,412.3883333333333,VIP Customers
17684,44,1,239.41,239.41,At-Risk Customers
17685,17,7,3155.83,450.8328571428571,VIP Customers
17686,7,7,5739.46,819.9228571428572,VIP Customers
17690,30,15,4726.8,315.12,VIP Customers
17691,358,2,290.40000000000003,145.20000000000002,At-Risk Customers
17692,127,4,725.5799999999999,181.39499999999998,Loyal Customers
17693,137,1,200.47,200.47,At-Risk Customers
17694,142,1,283.12,283.12,At-Risk Customers
17695,132,2,765.34,382.67,At-Risk Customers
17696,38,8,2285.71,285.71375,Loyal Customers
17697,236,1,338.95,338.95,At-Risk Customers
17698,261,1,154.95,154.95,At-Risk Customers
17700,17,4,2534.64,633.66,Loyal Customers
17701,253,1,417.95,417.95,At-Risk Customers
17702,30,4,1824.37,456.0925,Loyal Customers
17703,35,3,798.74,266.24666666666667,Loyal Customers
17704,169,2,885.19,442.595,At-Risk Customers
17705,3,9,1823.52,202.61333333333334,VIP Customers
17706,4,17,10504.49,617.9111764705882,VIP Customers
17707,185,2,152.4,76.2,At-Risk Customers
17708,188,2,263.33,131.665,At-Risk Customers
17709,170,1,137.45,137.45,At-Risk Customers
17711,11,2,385.1,192.55,Potential Customers
17712,45,1,522.91,522.91,Potential Customers
17714,321,1,153.0,153.0,At-Risk Customers
17715,201,1,326.4,326.4,At-Risk Customers
17716,23,11,5655.99,514.180909090909,VIP Customers
17718,232,1,139.35,139.35,At-Risk Customers
17719,38,15,5396.04,359.736,VIP Customers
17720,26,4,1195.94,298.985,Loyal Customers
17722,96,4,2424.04,606.01,Loyal Customers
17723,127,6,3276.4000000000005,546.0666666666667,Loyal Customers
17724,71,3,1033.0,344.3333333333333,Loyal Customers
17725,16,11,3439.08,312.64363636363635,VIP Customers
17727,15,1,1060.25,1060.25,Potential Customers
17728,4,3,2876.01,958.6700000000001,VIP Customers
17730,3,13,5298.4800000000005,407.5753846153847,VIP Customers
17731,79,4,1240.11,310.0275,Loyal Customers
17732,373,1,303.97,303.97,At-Risk Customers
17733,39,2,692.19,346.095,Potential Customers
17734,54,3,700.63,233.54333333333332,Loyal Customers
17735,2,19,13110.02,690.001052631579,VIP Customers
17736,9,3,377.44,125.81333333333333,Potential Customers
17737,9,2,168.24,84.12,Potential Customers
17738,19,4,1879.05,469.7625,Loyal Customers
17739,12,7,2791.35,398.7642857142857,VIP Customers
17742,113,2,355.11,177.555,At-Risk Customers
17744,4,6,2322.4,387.06666666666666,VIP Customers
17746,240,1,110.25,110.25,At-Risk Customers
17747,113,1,71.4,71.4,At-Risk Customers
17749,178,2,674.52,337.26,At-Risk Customers
17750,5,9,1694.16,188.24,VIP Customers
17752,359,1,80.64,80.64,At-Risk Customers
17754,1,5,1664.65,332.93,VIP Customers
17757,1,30,5589.4400000000005,186.31466666666668,VIP Customers
17758,19,8,3408.2000000000003,426.02500000000003,VIP Customers
17759,17,3,818.71,272.90333333333336,Potential Customers
17760,22,2,287.59,143.795,Potential Customers
17761,33,1,712.78,712.78,Potential Customers
17763,263,1,15.0,15.0,At-Risk Customers
17764,51,2,772.55,386.275,Loyal Customers
17765,159,3,367.63,122.54333333333334,At-Risk Customers
17767,15,1,271.2,271.2,Potential Customers
17768,8,3,2081.9,693.9666666666667,Loyal Customers
17769,13,10,3957.43,395.743,VIP Customers
17770,199,5,1143.27,228.654,Loyal Customers
17771,57,2,245.33,122.665,At-Risk Customers
17772,11,2,173.45,86.725,Potential Customers
17774,97,4,1213.73,303.4325,Loyal Customers
17775,255,1,56.4,56.4,At-Risk Customers
17777,25,3,647.56,215.85333333333332,Potential Customers
17779,21,3,650.32,216.77333333333334,Potential Customers
17781,159,2,188.02,94.01,At-Risk Customers
17783,72,2,283.47,141.735,At-Risk Customers
17785,53,1,131.94,131.94,At-Risk Customers
17786,85,2,266.85,133.425,At-Risk Customers
17787,153,4,1817.54,454.385,Loyal Customers
17788,74,2,1112.95,556.475,Loyal Customers
17789,281,1,225.9,225.9,At-Risk Customers
17790,27,14,1964.3,140.30714285714285,VIP Customers
17791,30,1,106.1,106.1,Potential Customers
17793,25,1,300.34,300.34,Potential Customers
17795,180,2,342.83,171.415,At-Risk Customers
17796,40,4,690.0,172.5,Loyal Customers
17797,22,3,780.43,260.1433333333333,Potential Customers
17799,22,10,3039.17,303.91700000000003,VIP Customers
17800,37,9,1186.21,131.8011111111111,Loyal Customers
17802,82,3,1285.04,428.34666666666664,Loyal Customers
17805,74,1,512.31,512.31,At-Risk Customers
17806,11,1,546.04,546.04,Potential Customers
17809,16,12,5411.91,450.9925,VIP Customers
17811,4,39,7755.12,198.84923076923076,VIP Customers
17812,13,4,699.81,174.9525,Potential Customers
17813,14,5,1698.07,339.614,Loyal Customers
17816,37,4,36.56,9.14,Potential Customers
17817,4,3,387.68,129.22666666666666,Potential Customers
17819,72,7,3704.87,529.2671428571429,Loyal Customers
17824,51,1,298.4,298.4,At-Risk Customers
17827,5,5,1987.33,397.466,VIP Customers
17828,23,4,1165.09,291.2725,Loyal Customers
17829,299,1,889.24,889.24,At-Risk Customers
17830,2,3,398.7,132.9,Potential Customers
17831,33,1,35.400000000000006,35.400000000000006,At-Risk Customers
17832,50,1,155.37,155.37,At-Risk Customers
17835,3,3,342.24,114.08,Potential Customers
17836,47,1,109.83,109.83,At-Risk Customers
17837,42,8,1535.33,191.91625,Loyal Customers
17838,27,5,2720.8,544.1600000000001,Loyal Customers
17839,42,1,318.15,318.15,At-Risk Customers
17841,2,124,40495.99,326.580564516129,VIP Customers
17843,303,1,197.73,197.73,At-Risk Customers
17844,107,1,51.559999999999995,51.559999999999995,At-Risk Customers
17848,81,9,901.1999999999999,100.13333333333333,Loyal Customers
17849,218,4,605.8000000000001,151.45000000000002,Loyal Customers
17850,372,34,5391.21,158.565,VIP Customers
17852,12,2,114.34,57.17,Potential Customers
17854,185,2,311.26,155.63,At-Risk Customers
17855,373,1,208.97,208.97,At-Risk Customers
17856,2,4,1418.03,354.5075,Potential Customers
17857,4,22,25301.54,1150.07,VIP Customers
17858,6,12,5140.66,428.3883333333333,VIP Customers
17859,305,1,141.92000000000002,141.92000000000002,At-Risk Customers
17860,369,1,226.45000000000002,226.45000000000002,At-Risk Customers
17861,3,8,2097.88,262.235,VIP Customers
17862,324,1,330.9,330.9,At-Risk Customers
17863,59,6,3160.0,526.6666666666666,Loyal Customers
17864,13,3,554.85,184.95000000000002,Potential Customers
17865,31,20,10524.220000000001,526.211,VIP Customers
17866,143,1,329.65,329.65,At-Risk Customers
17867,30,6,1157.8700000000001,192.97833333333335,Loyal Customers
17869,107,5,428.18,85.636,Loyal Customers
17870,2,12,1865.89,155.49083333333334,VIP Customers
17871,205,1,155.9,155.9,At-Risk Customers
17873,80,5,1719.5800000000002,343.91600000000005,Loyal Customers
17874,185,6,683.46,113.91000000000001,Loyal Customers
17877,170,1,237.61,237.61,At-Risk Customers
17878,44,1,379.45,379.45,At-Risk Customers
17879,174,1,178.51999999999998,178.51999999999998,At-Risk Customers
17880,365,1,458.92,458.92,At-Risk Customers
17881,304,1,133.35000000000002,133.35000000000002,At-Risk Customers
17883,3,4,664.34,166.085,Potential Customers
17884,4,4,695.0699999999999,173.76749999999998,Potential Customers
17885,12,1,156.34,156.34,Potential Customers
17886,32,3,869.28,289.76,Loyal Customers
17887,129,1,111.35,111.35,At-Risk Customers
17888,21,8,716.0,89.5,Loyal Customers
17889,212,2,201.37,100.685,At-Risk Customers
17890,323,2,586.89,293.445,At-Risk Customers
17891,162,1,203.85999999999999,203.85999999999999,At-Risk Customers
17892,56,3,244.1,81.36666666666666,At-Risk Customers
17893,225,1,107.21,107.21,At-Risk Customers
17894,72,8,1118.54,139.8175,Loyal Customers
17895,44,1,95.45,95.45,At-Risk Customers
17896,23,1,256.32,256.32,Potential Customers
17897,173,3,541.8100000000001,180.60333333333335,At-Risk Customers
17898,85,2,152.06,76.03,At-Risk Customers
17899,159,1,154.55,154.55,At-Risk Customers
17900,190,2,112.19999999999999,56.099999999999994,At-Risk Customers
17901,29,1,110.38,110.38,Potential Customers
17904,21,1,181.07,181.07,Potential Customers
17905,71,4,798.99,199.7475,Loyal Customers
17906,247,1,72.9,72.9,At-Risk Customers
17908,374,1,232.03,232.03,At-Risk Customers
17911,9,1,366.23,366.23,Potential Customers
17912,310,5,310.06,62.012,At-Risk Customers
17913,59,2,408.65,204.325,At-Risk Customers
17914,4,1,329.36,329.36,Potential Customers
17917,45,3,335.03,111.67666666666666,Potential Customers
17919,88,1,1304.04,1304.04,At-Risk Customers
17920,4,17,4107.6,241.62352941176474,VIP Customers
17921,64,4,820.23,205.0575,Loyal Customers
17923,282,1,207.50000000000003,207.50000000000003,At-Risk Customers
17924,12,7,2962.5,423.2142857142857,VIP Customers
17925,373,1,244.08,244.08,At-Risk Customers
17926,133,2,397.29,198.645,At-Risk Customers
17928,45,2,184.46,92.23,At-Risk Customers
17929,11,4,843.0,210.75,Potential Customers
17930,36,5,1740.48,348.096,Loyal Customers
17931,134,2,408.36,204.18,At-Risk Customers
17932,29,3,1331.57,443.8566666666666,Loyal Customers
17934,52,2,704.25,352.125,Loyal Customers
17935,138,2,142.89,71.445,At-Risk Customers
17936,5,1,380.13,380.13,Potential Customers
17937,9,7,4301.22,614.46,VIP Customers
17939,160,1,99.14,99.14,At-Risk Customers
17940,49,9,2152.1800000000003,239.13111111111115,Loyal Customers
17941,131,1,304.56,304.56,At-Risk Customers
17942,8,1,77.50000000000001,77.50000000000001,Potential Customers
17946,233,2,149.57999999999998,74.78999999999999,At-Risk Customers
17947,37,1,176.68,176.68,At-Risk Customers
17948,147,1,358.56000000000006,358.56000000000006,At-Risk Customers
17949,1,44,58030.48,1318.8745454545456,VIP Customers
17950,72,3,482.2,160.73333333333332,Loyal Customers
17951,40,3,1008.5400000000001,336.18,Loyal Customers
17954,5,12,2314.13,192.84416666666667,VIP Customers
17955,199,4,557.3,139.325,Loyal Customers
17956,249,1,12.75,12.75,At-Risk Customers
17957,66,1,110.72,110.72,At-Risk Customers
17958,117,1,508.4599999999999,508.4599999999999,At-Risk Customers
17960,171,1,73.78,73.78,At-Risk Customers
17961,21,39,1296.44,33.242051282051285,VIP Customers
17962,142,1,102.41,102.41,At-Risk Customers
17964,32,2,463.21,231.605,Potential Customers
17965,38,14,2599.19,185.65642857142856,VIP Customers
17966,38,5,1098.43,219.686,Loyal Customers
17967,372,1,112.27,112.27,At-Risk Customers
17968,374,1,265.1,265.1,At-Risk Customers
17969,166,2,228.2,114.1,At-Risk Customers
17970,211,1,562.79,562.79,At-Risk Customers
17972,242,1,135.19,135.19,At-Risk Customers
17973,52,1,337.04,337.04,At-Risk Customers
17974,25,3,703.99,234.66333333333333,Potential Customers
17975,15,13,4479.96,344.6123076923077,VIP Customers
17976,372,1,321.79,321.79,At-Risk Customers
17977,29,1,288.14,288.14,Potential Customers
17978,365,1,300.91999999999996,300.91999999999996,At-Risk Customers
17979,36,4,729.01,182.2525,Loyal Customers
17980,166,3,811.45,270.48333333333335,Loyal Customers
17984,145,1,152.68,152.68,At-Risk Customers
17985,22,1,631.35,631.35,Potential Customers
17986,56,1,20.8,20.8,At-Risk Customers
17987,185,1,198.57,198.57,At-Risk Customers
17988,12,7,201.12,28.731428571428573,Potential Customers
17990,237,3,630.84,210.28,At-Risk Customers
17991,225,2,93.35,46.675,At-Risk Customers
17994,122,4,674.89,168.7225,Loyal Customers
17995,282,1,76.1,76.1,At-Risk Customers
17997,74,8,1962.46,245.3075,Loyal Customers
17999,37,2,380.39,190.195,Potential Customers
18001,12,2,415.13,207.565,Potential Customers
18004,362,1,157.92,157.92,At-Risk Customers
18005,4,2,226.47,113.235,Potential Customers
18006,23,1,444.68,444.68,Potential Customers
18008,70,9,2116.19,235.13222222222223,Loyal Customers
18009,235,1,247.39,247.39,At-Risk Customers
18010,257,1,174.8,174.8,At-Risk Customers
18011,373,1,102.78999999999999,102.78999999999999,At-Risk Customers
18013,155,2,187.29,93.645,At-Risk Customers
18014,28,1,154.27,154.27,Potential Customers
18015,4,1,120.03,120.03,Potential Customers
18016,32,5,1477.66,295.53200000000004,Loyal Customers
18017,81,3,523.0,174.33333333333334,Loyal Customers
18018,108,2,122.14,61.07,At-Risk Customers
18019,52,1,38.45,38.45,At-Risk Customers
18022,36,1,612.72,612.72,Potential Customers
18024,153,2,389.78,194.89,At-Risk Customers
18027,99,1,115.31,115.31,At-Risk Customers
18030,4,2,230.64999999999998,115.32499999999999,Potential Customers
18032,334,1,73.5,73.5,At-Risk Customers
18033,65,1,93.82000000000001,93.82000000000001,At-Risk Customers
18034,22,2,418.68,209.34,Potential Customers
18035,36,3,713.89,237.96333333333334,Loyal Customers
18036,32,3,403.12,134.37333333333333,Potential Customers
18037,154,6,70.02,11.67,At-Risk Customers
18040,19,2,357.20000000000005,178.60000000000002,Potential Customers
18041,12,21,4097.37,195.11285714285714,VIP Customers
18042,54,1,165.04999999999998,165.04999999999998,At-Risk Customers
18043,25,3,529.29,176.42999999999998,Potential Customers
18044,4,10,2088.6,208.85999999999999,VIP Customers
18045,45,1,178.34,178.34,At-Risk Customers
18048,203,2,172.29000000000002,86.14500000000001,At-Risk Customers
18050,359,1,74.4,74.4,At-Risk Customers
18053,71,1,300.02,300.02,At-Risk Customers
18055,7,10,6761.34,676.134,VIP Customers
18056,288,1,363.65,363.65,At-Risk Customers
18058,10,1,170.16,170.16,Potential Customers
18059,23,3,306.46,102.15333333333332,Potential Customers
18061,22,10,2119.41,211.94099999999997,VIP Customers
18062,173,3,720.52,240.17333333333332,Loyal Customers
18064,133,2,814.0,407.0,At-Risk Customers
18065,6,14,2392.83,170.91642857142855,VIP Customers
18066,75,1,318.0,318.0,At-Risk Customers
18067,40,1,396.33,396.33,Potential Customers
18068,289,1,101.69999999999999,101.69999999999999,At-Risk Customers
18069,26,5,2009.24,401.848,Loyal Customers
18071,258,2,453.0,226.5,At-Risk Customers
18072,186,1,247.44,247.44,At-Risk Customers
18073,114,12,3859.82,321.6516666666667,Loyal Customers
18074,374,1,489.6,489.6,At-Risk Customers
18075,23,10,2611.75,261.175,VIP Customers
18077,8,11,2584.41,234.94636363636363,VIP Customers
18078,217,2,336.13,168.065,At-Risk Customers
18079,45,4,3613.15,903.2875,Loyal Customers
18080,19,2,1231.5,615.75,Potential Customers
18081,36,3,343.45,114.48333333333333,Potential Customers
18082,26,1,680.84,680.84,Potential Customers
18084,16,1,90.47999999999999,90.47999999999999,Potential Customers
18085,330,2,689.95,344.975,At-Risk Customers
18086,274,1,101.34,101.34,At-Risk Customers
18087,291,1,3202.9199999999996,3202.9199999999996,Loyal Customers
18088,61,1,166.03,166.03,At-Risk Customers
18092,2,11,9068.26,824.3872727272727,VIP Customers
18093,93,4,2106.52,526.63,Loyal Customers
18094,82,7,3017.3,431.04285714285714,Loyal Customers
18095,313,2,580.0500000000001,290.02500000000003,At-Risk Customers
18096,12,3,849.06,283.02,Potential Customers
18097,8,6,2662.4,443.73333333333335,VIP Customers
18099,127,1,168.31,168.31,At-Risk Customers
18101,11,2,222.4,111.2,Potential Customers
18102,1,60,259657.3,4327.621666666667,VIP Customers
18104,37,1,754.64,754.64,Potential Customers
18105,38,1,113.48000000000002,113.48000000000002,At-Risk Customers
18106,330,1,421.9,421.9,At-Risk Customers
18108,254,1,271.0,271.0,At-Risk Customers
18109,2,26,8004.92,307.88153846153847,VIP Customers
18110,20,1,198.8,198.8,Potential Customers
18112,12,2,352.69,176.345,Potential Customers
18113,369,1,76.32000000000001,76.32000000000001,At-Risk Customers
18114,290,1,220.1,220.1,At-Risk Customers
18116,68,8,1399.51,174.93875,Loyal Customers
18117,26,1,314.4,314.4,Potential Customers
18118,11,26,5622.68,216.2569230769231,VIP Customers
18119,368,1,180.7,180.7,At-Risk Customers
18120,214,1,111.15,111.15,At-Risk Customers
18121,149,2,653.3,326.65,At-Risk Customers
18122,8,6,1791.84,298.64,VIP Customers
18123,24,2,574.4399999999999,287.21999999999997,Potential Customers
18125,30,4,1131.75,282.9375,Loyal Customers
18126,61,1,198.58,198.58,At-Risk Customers
18127,19,3,347.08,115.69333333333333,Potential Customers
18129,243,1,112.55000000000001,112.55000000000001,At-Risk Customers
18130,15,3,1059.39,353.13000000000005,Potential Customers
18133,212,1,931.4999999999999,931.4999999999999,At-Risk Customers
18135,29,5,681.9100000000001,136.382,Loyal Customers
18136,63,3,784.33,261.4433333333333,Loyal Customers
18138,295,1,152.65,152.65,At-Risk Customers
18139,18,6,8438.34,1406.39,VIP Customers
18142,157,2,1019.52,509.76,At-Risk Customers
18143,117,2,1000.16,500.08,Loyal Customers
18144,8,12,2888.75,240.72916666666666,VIP Customers
18145,13,4,2861.55,715.3875,Loyal Customers
18146,141,2,160.35000000000002,80.17500000000001,At-Risk Customers
18147,46,2,179.33999999999997,89.66999999999999,At-Risk Customers
18149,51,3,612.0799999999999,204.02666666666664,Loyal Customers
18150,32,3,566.58,188.86,Potential Customers
18151,135,2,653.35,326.675,At-Risk Customers
18154,3,2,399.19,199.595,Potential Customers
18155,75,3,371.62,123.87333333333333,At-Risk Customers
18156,13,2,675.64,337.82,Potential Customers
18158,9,2,453.4,226.7,Potential Customers
18159,301,1,530.15,530.15,At-Risk Customers
18160,57,2,638.0600000000001,319.03000000000003,Loyal Customers
18161,15,5,1618.69,323.738,Loyal Customers
18164,37,1,399.65000000000003,399.65000000000003,Potential Customers
18165,177,1,302.46000000000004,302.46000000000004,At-Risk Customers
18167,23,3,1384.8600000000001,461.62000000000006,Loyal Customers
18168,176,6,1160.04,193.34,Loyal Customers
18169,61,1,202.65,202.65,At-Risk Customers
18170,33,3,980.31,326.77,Loyal Customers
18171,59,5,1231.31,246.262,Loyal Customers
18172,15,20,7561.68,378.084,VIP Customers
18173,87,4,2106.84,526.71,Loyal Customers
18174,7,1,104.0,104.0,Potential Customers
18176,358,1,476.35,476.35,At-Risk Customers
18177,31,6,1340.8700000000001,223.47833333333335,Loyal Customers
18178,129,4,1590.81,397.7025,Loyal Customers
18179,9,6,1793.17,298.8616666666667,VIP Customers
18180,5,6,1843.75,307.2916666666667,VIP Customers
18181,24,1,366.85,366.85,Potential Customers
18183,227,2,632.07,316.035,At-Risk Customers
18184,15,1,49.8,49.8,Potential Customers
18185,249,1,304.25,304.25,At-Risk Customers
18188,15,3,2001.04,667.0133333333333,Loyal Customers
18189,78,2,1090.24,545.12,Loyal Customers
18190,192,2,284.46000000000004,142.23000000000002,At-Risk Customers
18191,262,1,207.79999999999998,207.79999999999998,At-Risk Customers
18192,72,1,957.97,957.97,At-Risk Customers
18193,165,1,243.76,243.76,At-Risk Customers
18194,82,1,973.8399999999999,973.8399999999999,At-Risk Customers
18196,95,2,686.63,343.315,At-Risk Customers
18198,4,17,5425.56,319.15058823529415,VIP Customers
18200,106,1,150.35,150.35,At-Risk Customers
18202,200,3,1396.99,465.66333333333336,Loyal Customers
18203,157,1,160.42000000000002,160.42000000000002,At-Risk Customers
18204,71,3,1975.35,658.4499999999999,Loyal Customers
18205,36,2,517.36,258.68,Potential Customers
18209,29,1,139.10000000000002,139.10000000000002,Potential Customers
18210,2,6,2621.38,436.8966666666667,VIP Customers
18211,26,5,600.07,120.01400000000001,Loyal Customers
18212,326,1,216.07,216.07,At-Risk Customers
18213,237,1,232.48000000000002,232.48000000000002,At-Risk Customers
18215,89,1,299.34000000000003,299.34000000000003,At-Risk Customers
18216,31,1,481.75,481.75,Potential Customers
18217,29,2,621.75,310.875,Potential Customers
18218,211,2,641.92,320.96,At-Risk Customers
18219,3,10,2069.77,206.977,VIP Customers
18220,227,1,305.28000000000003,305.28000000000003,At-Risk Customers
18221,22,5,1041.61,208.32199999999997,Loyal Customers
18222,93,1,443.0,443.0,At-Risk Customers
18223,5,14,6484.54,463.18142857142857,VIP Customers
18224,264,1,158.95000000000002,158.95000000000002,At-Risk Customers
18225,3,12,5504.96,458.74666666666667,VIP Customers
18226,44,11,5228.05,475.27727272727276,VIP Customers
18227,218,1,93.75,93.75,At-Risk Customers
18228,57,2,779.9,389.95,Loyal Customers
18229,12,20,7276.900000000001,363.845,VIP Customers
18230,9,7,2810.2000000000003,401.4571428571429,VIP Customers
18231,192,5,2071.77,414.354,Loyal Customers
18232,82,4,592.97,148.2425,Loyal Customers
18233,326,1,440.0,440.0,At-Risk Customers
18235,72,3,1796.48,598.8266666666667,Loyal Customers
18236,30,6,882.24,147.04,Loyal Customers
18237,3,5,987.1,197.42000000000002,Potential Customers
18239,219,5,1561.6100000000001,312.322,Loyal Customers
18240,46,1,422.58,422.58,At-Risk Customers
18241,10,17,2073.09,121.9464705882353,VIP Customers
18242,72,4,2232.4900000000002,558.1225000000001,Loyal Customers
18245,7,7,2567.06,366.72285714285715,VIP Customers
18246,24,2,596.1,298.05,Potential Customers
18248,123,2,804.02,402.01,At-Risk Customers
18249,17,1,95.34,95.34,Potential Customers
18250,310,1,349.27,349.27,At-Risk Customers
18251,87,1,4314.72,4314.72,Loyal Customers
18252,51,2,518.27,259.135,Potential Customers
18255,89,1,103.3,103.3,At-Risk Customers
18257,39,8,2337.63,292.20375,Loyal Customers
18259,25,3,2338.6000000000004,779.5333333333334,Loyal Customers
18260,173,6,2628.35,438.05833333333334,Loyal Customers
18261,43,2,324.24,162.12,Potential Customers
18262,140,1,149.48,149.48,At-Risk Customers
18263,26,3,1213.1599999999999,404.3866666666666,Loyal Customers
18265,72,2,801.51,400.755,Loyal Customers
18268,134,1,25.5,25.5,At-Risk Customers
18269,366,1,168.6,168.6,At-Risk Customers
18270,38,2,283.15,141.575,Potential Customers
18272,3,6,3078.58,513.0966666666667,VIP Customers
18273,2,3,204.0,68.0,Potential Customers
18274,30,1,175.92,175.92,Potential Customers
18276,44,1,335.86,335.86,At-Risk Customers
18277,58,1,110.38,110.38,At-Risk Customers
18278,74,1,173.9,173.9,At-Risk Customers
18280,278,1,180.60000000000002,180.60000000000002,At-Risk Customers
18281,181,1,80.82,80.82,At-Risk Customers
18282,8,2,178.05,89.025,Potential Customers
18283,4,16,2039.58,127.47375,VIP Customers
18287,43,3,1837.28,612.4266666666666,Loyal Customers
15802,142,1,451.42,451.42,At-Risk Customers
15823,371,1,15.0,15.0,At-Risk Customers
16742,46,1,464.9,464.9,At-Risk Customers
17846,84,1,2033.1,2033.1,Loyal Customers
